Workbook

Sheet WC26
B1: TỔNG CỘNG | I1: 1 | K1: 2 | M1: 3 | O1: 4 | Q1: 5 | S1: 6 | U1: 7 | W1: 8 | Y1: 9 | AA1: 10 | AC1: 11 | AE1: 12 | AG1: 13 | AI1: 14 | AK1: 15 | AM1: 16 | AO1: 17 | AQ1: 18 | AS1: 19 | AU1: 20 | AW1: 21 | AY1: 22 | BA1: 23 | BC1: 24 | BE1: 25 | BG1: 26 | BI1: 27 | BN1: 1 | BP1: 2 | BR1: 3 | BT1: 4 | BV1: 5 | BX1: 6 | BZ1: 7 | CB1: 8 | CD1: 9 | CF1: 10 | CH1: 11 | CJ1: 12 | CL1: 13 | CN1: 14 | CP1: 15 | CR1: 16 | CT1: 17 | CV1: 18 | CX1: 19 | CZ1: 20 | DB1: 21 | DD1: 22
I2: =BN3 -> 0 | K2: =BP3 -> 110000 | M2: =BR3+M4 -> 5000 | O2: =BT3+O4 -> 135000 | Q2: =BV3+Q4 -> 155000 | S2: =BX3 -> 305000 | U2: =BZ3 -> 160000 | W2: =CB3+W4 -> 160000 | Y2: =CD3 -> 180000 | AA2: =CF3+AA4 -> 10000 | AC2: =CH3+AC4 -> 35000 | AE2: =CJ3+AE4 -> 155000 | AG2: =CL3 -> 10000 | AI2: =CN3 -> 10000 | AK2: =CP3+AK4 -> 160000 | AM2: =CR3 -> 40000 | AO2: =CT3+AO4 -> 580000 | AQ2: =CV3 -> 170000 | AS2: =CX3 -> 610000 | AU2: =CZ3 -> 50000 | AW2: =DB3 -> 15000 | AY2: =DD3 -> 75000 | BA2: =DF3 -> 180000 | BC2: =DH3 -> 670000 | BE2: =DJ3 -> 180000 | BG2: =DL3 -> 5000 | BI2: =DN3 -> 1015000 | BN2: A.Hòa | BP2: A.Đạt | BR2: C. Hương | BT2: A. Hải | BV2: Thanh | BX2: A. Tuyển | BZ2: Hoa KHVT | CB2: Dũng KHVT | CD2: Hiếu | CF2: LM.Chủ | CH2: Thành | CJ2: Cường | CL2: A Sơn | CN2: A.Hiệu | CP2: Long | CR2: A. Tuấn | CT2: Trang KHVT | CV2: Hương KHVT | CX2: HOÀN | CZ2: Hiền TVTK | DB2: A. Quyết | DD2: Trường | DF2: San | DH2: Đức Anh | DJ2: Thắng | DL2: a. Dương | DN2: E Sơn
B3: Ngày giờ thi đấu | E3: Cặp đấu | I3: A.Hòa | K3: A.Đạt | M3: C. Hương | O3: A. Hải | Q3: Thanh | S3: A. Tuyển | U3: Hoa KHVT | W3: Dũng KHVT | Y3: Hiếu | AA3: LM.Chủ | AC3: Thành | AE3: Cường | AG3: A Sơn | AI3: A.Hiệu | AK3: Long | AM3: A. Tuấn | AO3: Trang KHVT | AQ3: Hương KHVT | AS3: HOÀN | AU3: Hiền TVTK | AW3: A. Quyết | AY3: Trường | BA3: San | BC3: Đức Anh | BE3: Thắng | BG3: a. Dương | BI3: E Sơn | BN3: =SUM(BN7:BN116) -> 0 | BP3: =SUM(BP7:BP116) -> 110000 | BR3: =SUM(BR7:BR116) -> 5000 | BT3: =SUM(BT7:BT116) -> 135000 | BV3: =SUM(BV7:BV116) -> 155000 | BX3: =SUM(BX7:BX116) -> 305000 | BZ3: =SUM(BZ7:BZ116) -> 160000 | CB3: =SUM(CB7:CB116) -> 160000 | CD3: =SUM(CD7:CD116) -> 180000 | CF3: =SUM(CF7:CF116) -> 10000 | CH3: =SUM(CH7:CH116) -> 35000 | CJ3: =SUM(CJ7:CJ116) -> 155000 | CL3: =SUM(CL7:CL116) -> 10000 | CN3: =SUM(CN7:CN116) -> 10000 | CP3: =SUM(CP7:CP116) -> 160000 | CR3: =SUM(CR7:CR116) -> 40000 | CT3: =SUM(CT7:CT116) -> 580000 | CV3: =SUM(CV7:CV116) -> 170000 | CX3: =SUM(CX7:CX116) -> 610000 | CZ3: =SUM(CZ7:CZ116) -> 50000 | DB3: =SUM(DB7:DB116) -> 15000 | DD3: =SUM(DD7:DD116) -> 75000 | DF3: =SUM(DF7:DF116) -> 180000 | DH3: =SUM(DH7:DH116) -> 670000 | DJ3: =SUM(DJ7:DJ116) -> 180000 | DL3: =SUM(DL7:DL116) -> 5000 | DN3: =SUM(DN7:DN116) -> 1015000
E5: ĐỘI VÔ ĐỊCH
E6: 2 ĐỘI VÀO CHUNG KẾT
B7: 1 | C7: 46185.083 | D7: 46185.083 | E7: Mexico | F7: 2 | G7: 0 | H7: South Africa | I7: 2 | J7: 0 | K7: 2 | L7: 1 | M7: 2 | N7: 0 | O7: 2 | P7: 0 | Q7: =AE7 -> 2 | R7: =AF7 -> 0 | S7: 2 | T7: 1 | U7: 1 | V7: 0 | W7: 1 | X7: 0 | Y7: 1 | Z7: 2 | AC7: 2 | AD7: 1 | AE7: 2 | AF7: 0 | AK7: 1 | AL7: 0 | AM7: 1 | AN7: 0 | AO7: 2 | AP7: 0 | AQ7: =BE7 -> 2 | AR7: =BF7 -> 0 | AS7: 2 | AT7: 0 | AU7: 2 | AV7: 1 | AW7: 1 | AX7: 0 | AY7: 2 | AZ7: 1 | BA7: 1 | BB7: 0 | BC7: 2 | BD7: 0 | BE7: 2 | BF7: 0 | BG7: 1 | BH7: 0 | BI7: =H.Son!H7 -> 2 | BJ7: =H.Son!I7 -> 0 | BN7: =if($F7=$G7,if(and($F7=$G7,I7<>J7),'Thể lệ'!$E$6,if($F7=I7,0,0.5*'Thể lệ'!$E$6)),if(and($F7=I7,$G7=J7),"0",if(($F7-$G7)*(I7-J7)>0,0.5*'Thể lệ'!$E$6,'Thể lệ'!$E$6))) -> 0 | BP7: =if($F7=$G7,if(and($F7=$G7,K7<>L7),'Thể lệ'!$E$6,if($F7=K7,0,0.5*'Thể lệ'!$E$6)),if(and($F7=K7,$G7=L7),"0",if(($F7-$G7)*(K7-L7)>0,0.5*'Thể lệ'!$E$6,'Thể lệ'!$E$6))) -> 5000 | BR7: =if($F7=$G7,if(and($F7=$G7,M7<>N7),'Thể lệ'!$E$6,if($F7=M7,0,0.5*'Thể lệ'!$E$6)),if(and($F7=M7,$G7=N7),"0",if(($F7-$G7)*(M7-N7)>0,0.5*'Thể lệ'!$E$6,'Thể lệ'!$E$6))) -> 0 | BT7: =if($F7=$G7,if(and($F7=$G7,O7<>P7),'Thể lệ'!$E$6,if($F7=O7,0,0.5*'Thể lệ'!$E$6)),if(and($F7=O7,$G7=P7),"0",if(($F7-$G7)*(O7-P7)>0,0.5*'Thể lệ'!$E$6,'Thể lệ'!$E$6))) -> 0 | BV7: =if($F7=$G7,if(and($F7=$G7,Q7<>R7),'Thể lệ'!$E$6,if($F7=Q7,0,0.5*'Thể lệ'!$E$6)),if(and($F7=Q7,$G7=R7),"0",if(($F7-$G7)*(Q7-R7)>0,0.5*'Thể lệ'!$E$6,'Thể lệ'!$E$6))) -> 0 | BX7: =if($F7=$G7,if(and($F7=$G7,S7<>T7),'Thể lệ'!$E$6,if($F7=S7,0,0.5*'Thể lệ'!$E$6)),if(and($F7=S7,$G7=T7),"0",if(($F7-$G7)*(S7-T7)>0,0.5*'Thể lệ'!$E$6,'Thể lệ'!$E$6))) -> 5000 | BZ7: =if($F7=$G7,if(and($F7=$G7,U7<>V7),'Thể lệ'!$E$6,if($F7=U7,0,0.5*'Thể lệ'!$E$6)),if(and($F7=U7,$G7=V7),"0",if(($F7-$G7)*(U7-V7)>0,0.5*'Thể lệ'!$E$6,'Thể lệ'!$E$6))) -> 5000 | CB7: =if($F7=$G7,if(and($F7=$G7,W7<>X7),'Thể lệ'!$E$6,if($F7=W7,0,0.5*'Thể lệ'!$E$6)),if(and($F7=W7,$G7=X7),"0",if(($F7-$G7)*(W7-X7)>0,0.5*'Thể lệ'!$E$6,'Thể lệ'!$E$6))) -> 5000 | CD7: =if($F7=$G7,if(and($F7=$G7,Y7<>Z7),'Thể lệ'!$E$6,if($F7=Y7,0,0.5*'Thể lệ'!$E$6)),if(and($F7=Y7,$G7=Z7),"0",if(($F7-$G7)*(Y7-Z7)>0,0.5*'Thể lệ'!$E$6,'Thể lệ'!$E$6))) -> 10000 | CF7: =if($F7=$G7,if(and($F7=$G7,AA7<>AB7),'Thể lệ'!$E$6,if($F7=AA7,0,0.5*'Thể lệ'!$E$6)),if(and($F7=AA7,$G7=AB7),"0",if(($F7-$G7)*(AA7-AB7)>0,0.5*'Thể lệ'!$E$6,'Thể lệ'!$E$6))) -> 10000 | CH7: =if($F7=$G7,if(and($F7=$G7,AC7<>AD7),'Thể lệ'!$E$6,if($F7=AC7,0,0.5*'Thể lệ'!$E$6)),if(and($F7=AC7,$G7=AD7),"0",if(($F7-$G7)*(AC7-AD7)>0,0.5*'Thể lệ'!$E$6,'Thể lệ'!$E$6))) -> 5000 | CJ7: =if($F7=$G7,if(and($F7=$G7,AE7<>AF7),'Thể lệ'!$E$6,if($F7=AE7,0,0.5*'Thể lệ'!$E$6)),if(and($F7=AE7,$G7=AF7),"0",if(($F7-$G7)*(AE7-AF7)>0,0.5*'Thể lệ'!$E$6,'Thể lệ'!$E$6))) -> 0 | CL7: =if($F7=$G7,if(and($F7=$G7,AG7<>AH7),'Thể lệ'!$E$6,if($F7=AG7,0,0.5*'Thể lệ'!$E$6)),if(and($F7=AG7,$G7=AH7),"0",if(($F7-$G7)*(AG7-AH7)>0,0.5*'Thể lệ'!$E$6,'Thể lệ'!$E$6))) -> 10000 | CN7: =if($F7=$G7,if(and($F7=$G7,AI7<>AJ7),'Thể lệ'!$E$6,if($F7=AI7,0,0.5*'Thể lệ'!$E$6)),if(and($F7=AI7,$G7=AJ7),"0",if(($F7-$G7)*(AI7-AJ7)>0,0.5*'Thể lệ'!$E$6,'Thể lệ'!$E$6))) -> 10000 | CP7: =if($F7=$G7,if(and($F7=$G7,AK7<>AL7),'Thể lệ'!$E$6,if($F7=AK7,0,0.5*'Thể lệ'!$E$6)),if(and($F7=AK7,$G7=AL7),"0",if(($F7-$G7)*(AK7-AL7)>0,0.5*'Thể lệ'!$E$6,'Thể lệ'!$E$6))) -> 5000 | CR7: =if($F7=$G7,if(and($F7=$G7,AM7<>AN7),'Thể lệ'!$E$6,if($F7=AM7,0,0.5*'Thể lệ'!$E$6)),if(and($F7=AM7,$G7=AN7),"0",if(($F7-$G7)*(AM7-AN7)>0,0.5*'Thể lệ'!$E$6,'Thể lệ'!$E$6))) -> 5000 | CT7: =if($F7=$G7,if(and($F7=$G7,AO7<>AP7),'Thể lệ'!$E$6,if($F7=AO7,0,0.5*'Thể lệ'!$E$6)),if(and($F7=AO7,$G7=AP7),"0",if(($F7-$G7)*(AO7-AP7)>0,0.5*'Thể lệ'!$E$6,'Thể lệ'!$E$6))) -> 0 | CV7: =if($F7=$G7,if(and($F7=$G7,AQ7<>AR7),'Thể lệ'!$E$6,if($F7=AQ7,0,0.5*'Thể lệ'!$E$6)),if(and($F7=AQ7,$G7=AR7),"0",if(($F7-$G7)*(AQ7-AR7)>0,0.5*'Thể lệ'!$E$6,'Thể lệ'!$E$6))) -> 0 | CX7: =if($F7=$G7,if(and($F7=$G7,AS7<>AT7),'Thể lệ'!$E$6,if($F7=AS7,0,0.5*'Thể lệ'!$E$6)),if(and($F7=AS7,$G7=AT7),"0",if(($F7-$G7)*(AS7-AT7)>0,0.5*'Thể lệ'!$E$6,'Thể lệ'!$E$6))) -> 0 | CZ7: =if($F7=$G7,if(and($F7=$G7,AU7<>AV7),'Thể lệ'!$E$6,if($F7=AU7,0,0.5*'Thể lệ'!$E$6)),if(and($F7=AU7,$G7=AV7),"0",if(($F7-$G7)*(AU7-AV7)>0,0.5*'Thể lệ'!$E$6,'Thể lệ'!$E$6))) -> 5000 | DB7: =if($F7=$G7,if(and($F7=$G7,AW7<>AX7),'Thể lệ'!$E$6,if($F7=AW7,0,0.5*'Thể lệ'!$E$6)),if(and($F7=AW7,$G7=AX7),"0",if(($F7-$G7)*(AW7-AX7)>0,0.5*'Thể lệ'!$E$6,'Thể lệ'!$E$6))) -> 5000 | DD7: =if($F7=$G7,if(and($F7=$G7,AY7<>AZ7),'Thể lệ'!$E$6,if($F7=AY7,0,0.5*'Thể lệ'!$E$6)),if(and($F7=AY7,$G7=AZ7),"0",if(($F7-$G7)*(AY7-AZ7)>0,0.5*'Thể lệ'!$E$6,'Thể lệ'!$E$6))) -> 5000 | DF7: =if($F7=$G7,if(and($F7=$G7,BA7<>BB7),'Thể lệ'!$E$6,if($F7=BA7,0,0.5*'Thể lệ'!$E$6)),if(and($F7=BA7,$G7=BB7),"0",if(($F7-$G7)*(BA7-BB7)>0,0.5*'Thể lệ'!$E$6,'Thể lệ'!$E$6))) -> 5000 | DH7: =if($F7=$G7,if(and($F7=$G7,BC7<>BD7),'Thể lệ'!$E$6,if($F7=BC7,0,0.5*'Thể lệ'!$E$6)),if(and($F7=BC7,$G7=BD7),"0",if(($F7-$G7)*(BC7-BD7)>0,0.5*'Thể lệ'!$E$6,'Thể lệ'!$E$6))) -> 0 | DJ7: =if($F7=$G7,if(and($F7=$G7,BE7<>BF7),'Thể lệ'!$E$6,if($F7=BE7,0,0.5*'Thể lệ'!$E$6)),if(and($F7=BE7,$G7=BF7),"0",if(($F7-$G7)*(BE7-BF7)>0,0.5*'Thể lệ'!$E$6,'Thể lệ'!$E$6))) -> 0 | DL7: =if($F7=$G7,if(and($F7=$G7,BG7<>BH7),'Thể lệ'!$E$6,if($F7=BG7,0,0.5*'Thể lệ'!$E$6)),if(and($F7=BG7,$G7=BH7),"0",if(($F7-$G7)*(BG7-BH7)>0,0.5*'Thể lệ'!$E$6,'Thể lệ'!$E$6))) -> 5000 | DN7: =if($F7=$G7,if(and($F7=$G7,BI7<>BJ7),'Thể lệ'!$E$6,if($F7=BI7,0,0.5*'Thể lệ'!$E$6)),if(and($F7=BI7,$G7=BJ7),"0",if(($F7-$G7)*(BI7-BJ7)>0,0.5*'Thể lệ'!$E$6,'Thể lệ'!$E$6))) -> 0
B8: 2 | C8: 46185.375 | D8: 46185.375 | E8: Rep. of Korea | H8: Czech Rep. | K8: 1 | L8: 2 | M8: 1 | N8: 1 | O8: 1 | P8: 1 | Q8: =AE8 -> 1 | R8: 1 | S8: 1 | T8: 1 | U8: 1 | V8: 2 | W8: 1 | X8: 2 | Y8: 2 | Z8: 1 | AC8: 1 | AD8: 2 | AE8: 1 | AF8: 2 | AK8: 1 | AL8: 1 | AM8: 1 | AN8: 2 | AO8: 1 | AP8: 2 | AQ8: =BE8 -> 1 | AR8: =BF8 -> 1 | AS8: 1 | AT8: 1 | AU8: 1 | AV8: 1 | AW8: 2 | AX8: 1 | AY8: 2 | AZ8: 0 | BA8: 1 | BB8: 2 | BC8: 1 | BD8: 0 | BE8: 1 | BF8: 1 | BI8: =H.Son!H8 -> 1 | BJ8: =H.Son!I8 -> 1 | BN8: =if($F8=$G8,if(and($F8=$G8,I8<>J8),'Thể lệ'!$E$6,if($F8=I8,0,0.5*'Thể lệ'!$E$6)),if(and($F8=I8,$G8=J8),"0",if(($F8-$G8)*(I8-J8)>0,0.5*'Thể lệ'!$E$6,'Thể lệ'!$E$6))) -> 0 | BP8: =if($F8=$G8,if(and($F8=$G8,K8<>L8),'Thể lệ'!$E$6,if($F8=K8,0,0.5*'Thể lệ'!$E$6)),if(and($F8=K8,$G8=L8),"0",if(($F8-$G8)*(K8-L8)>0,0.5*'Thể lệ'!$E$6,'Thể lệ'!$E$6))) -> 10000 | BR8: =if($F8=$G8,if(and($F8=$G8,M8<>N8),'Thể lệ'!$E$6,if($F8=M8,0,0.5*'Thể lệ'!$E$6)),if(and($F8=M8,$G8=N8),"0",if(($F8-$G8)*(M8-N8)>0,0.5*'Thể lệ'!$E$6,'Thể lệ'!$E$6))) -> 5000 | BT8: =if($F8=$G8,if(and($F8=$G8,O8<>P8),'Thể lệ'!$E$6,if($F8=O8,0,0.5*'Thể lệ'!$E$6)),if(and($F8=O8,$G8=P8),"0",if(($F8-$G8)*(O8-P8)>0,0.5*'Thể lệ'!$E$6,'Thể lệ'!$E$6))) -> 5000 | BV8: =if($F8=$G8,if(and($F8=$G8,Q8<>R8),'Thể lệ'!$E$6,if($F8=Q8,0,0.5*'Thể lệ'!$E$6)),if(and($F8=Q8,$G8=R8),"0",if(($F8-$G8)*(Q8-R8)>0,0.5*'Thể lệ'!$E$6,'Thể lệ'!$E$6))) -> 5000 | BX8: =if($F8=$G8,if(and($F8=$G8,S8<>T8),'Thể lệ'!$E$6,if($F8=S8,0,0.5*'Thể lệ'!$E$6)),if(and($F8=S8,$G8=T8),"0",if(($F8-$G8)*(S8-T8)>0,0.5*'Thể lệ'!$E$6,'Thể lệ'!$E$6))) -> 5000 | BZ8: =if($F8=$G8,if(and($F8=$G8,U8<>V8),'Thể lệ'!$E$6,if($F8=U8,0,0.5*'Thể lệ'!$E$6)),if(and($F8=U8,$G8=V8),"0",if(($F8-$G8)*(U8-V8)>0,0.5*'Thể lệ'!$E$6,'Thể lệ'!$E$6))) -> 10000 | CB8: =if($F8=$G8,if(and($F8=$G8,W8<>X8),'Thể lệ'!$E$6,if($F8=W8,0,0.5*'Thể lệ'!$E$6)),if(and($F8=W8,$G8=X8),"0",if(($F8-$G8)*(W8-X8)>0,0.5*'Thể lệ'!$E$6,'Thể lệ'!$E$6))) -> 10000 | CD8: =if($F8=$G8,if(and($F8=$G8,Y8<>Z8),'Thể lệ'!$E$6,if($F8=Y8,0,0.5*'Thể lệ'!$E$6)),if(and($F8=Y8,$G8=Z8),"0",if(($F8-$G8)*(Y8-Z8)>0,0.5*'Thể lệ'!$E$6,'Thể lệ'!$E$6))) -> 10000 | CF8: =if($F8=$G8,if(and($F8=$G8,AA8<>AB8),'Thể lệ'!$E$6,if($F8=AA8,0,0.5*'Thể lệ'!$E$6)),if(and($F8=AA8,$G8=AB8),"0",if(($F8-$G8)*(AA8-AB8)>0,0.5*'Thể lệ'!$E$6,'Thể lệ'!$E$6))) -> 0 | CH8: =if($F8=$G8,if(and($F8=$G8,AC8<>AD8),'Thể lệ'!$E$6,if($F8=AC8,0,0.5*'Thể lệ'!$E$6)),if(and($F8=AC8,$G8=AD8),"0",if(($F8-$G8)*(AC8-AD8)>0,0.5*'Thể lệ'!$E$6,'Thể lệ'!$E$6))) -> 10000 | CJ8: =if($F8=$G8,if(and($F8=$G8,AE8<>AF8),'Thể lệ'!$E$6,if($F8=AE8,0,0.5*'Thể lệ'!$E$6)),if(and($F8=AE8,$G8=AF8),"0",if(($F8-$G8)*(AE8-AF8)>0,0.5*'Thể lệ'!$E$6,'Thể lệ'!$E$6))) -> 10000 | CL8: =if($F8=$G8,if(and($F8=$G8,AG8<>AH8),'Thể lệ'!$E$6,if($F8=AG8,0,0.5*'Thể lệ'!$E$6)),if(and($F8=AG8,$G8=AH8),"0",if(($F8-$G8)*(AG8-AH8)>0,0.5*'Thể lệ'!$E$6,'Thể lệ'!$E$6))) -> 0 | CN8: =if($F8=$G8,if(and($F8=$G8,AI8<>AJ8),'Thể lệ'!$E$6,if($F8=AI8,0,0.5*'Thể lệ'!$E$6)),if(and($F8=AI8,$G8=AJ8),"0",if(($F8-$G8)*(AI8-AJ8)>0,0.5*'Thể lệ'!$E$6,'Thể lệ'!$E$6))) -> 0 | CP8: =if($F8=$G8,if(and($F8=$G8,AK8<>AL8),'Thể lệ'!$E$6,if($F8=AK8,0,0.5*'Thể lệ'!$E$6)),if(and($F8=AK8,$G8=AL8),"0",if(($F8-$G8)*(AK8-AL8)>0,0.5*'Thể lệ'!$E$6,'Thể lệ'!$E$6))) -> 5000 | CR8: =if($F8=$G8,if(and($F8=$G8,AM8<>AN8),'Thể lệ'!$E$6,if($F8=AM8,0,0.5*'Thể lệ'!$E$6)),if(and($F8=AM8,$G8=AN8),"0",if(($F8-$G8)*(AM8-AN8)>0,0.5*'Thể lệ'!$E$6,'Thể lệ'!$E$6))) -> 10000 | CT8: =if($F8=$G8,if(and($F8=$G8,AO8<>AP8),'Thể lệ'!$E$6,if($F8=AO8,0,0.5*'Thể lệ'!$E$6)),if(and($F8=AO8,$G8=AP8),"0",if(($F8-$G8)*(AO8-AP8)>0,0.5*'Thể lệ'!$E$6,'Thể lệ'!$E$6))) -> 10000 | CV8: =if($F8=$G8,if(and($F8=$G8,AQ8<>AR8),'Thể lệ'!$E$6,if($F8=AQ8,0,0.5*'Thể lệ'!$E$6)),if(and($F8=AQ8,$G8=AR8),"0",if(($F8-$G8)*(AQ8-AR8)>0,0.5*'Thể lệ'!$E$6,'Thể lệ'!$E$6))) -> 5000 | CX8: =if($F8=$G8,if(and($F8=$G8,AS8<>AT8),'Thể lệ'!$E$6,if($F8=AS8,0,0.5*'Thể lệ'!$E$6)),if(and($F8=AS8,$G8=AT8),"0",if(($F8-$G8)*(AS8-AT8)>0,0.5*'Thể lệ'!$E$6,'Thể lệ'!$E$6))) -> 5000 | CZ8: =if($F8=$G8,if(and($F8=$G8,AU8<>AV8),'Thể lệ'!$E$6,if($F8=AU8,0,0.5*'Thể lệ'!$E$6)),if(and($F8=AU8,$G8=AV8),"0",if(($F8-$G8)*(AU8-AV8)>0,0.5*'Thể lệ'!$E$6,'Thể lệ'!$E$6))) -> 5000 | DB8: =if($F8=$G8,if(and($F8=$G8,AW8<>AX8),'Thể lệ'!$E$6,if($F8=AW8,0,0.5*'Thể lệ'!$E$6)),if(and($F8=AW8,$G8=AX8),"0",if(($F8-$G8)*(AW8-AX8)>0,0.5*'Thể lệ'!$E$6,'Thể lệ'!$E$6))) -> 10000 | DD8: =if($F8=$G8,if(and($F8=$G8,AY8<>AZ8),'Thể lệ'!$E$6,if($F8=AY8,0,0.5*'Thể lệ'!$E$6)),if(and($F8=AY8,$G8=AZ8),"0",if(($F8-$G8)*(AY8-AZ8)>0,0.5*'Thể lệ'!$E$6,'Thể lệ'!$E$6))) -> 10000 | DF8: =if($F8=$G8,if(and($F8=$G8,BA8<>BB8),'Thể lệ'!$E$6,if($F8=BA8,0,0.5*'Thể lệ'!$E$6)),if(and($F8=BA8,$G8=BB8),"0",if(($F8-$G8)*(BA8-BB8)>0,0.5*'Thể lệ'!$E$6,'Thể lệ'!$E$6))) -> 10000 | DH8: =if($F8=$G8,if(and($F8=$G8,BC8<>BD8),'Thể lệ'!$E$6,if($F8=BC8,0,0.5*'Thể lệ'!$E$6)),if(and($F8=BC8,$G8=BD8),"0",if(($F8-$G8)*(BC8-BD8)>0,0.5*'Thể lệ'!$E$6,'Thể lệ'!$E$6))) -> 10000 | DJ8: =if($F8=$G8,if(and($F8=$G8,BE8<>BF8),'Thể lệ'!$E$6,if($F8=BE8,0,0.5*'Thể lệ'!$E$6)),if(and($F8=BE8,$G8=BF8),"0",if(($F8-$G8)*(BE8-BF8)>0,0.5*'Thể lệ'!$E$6,'Thể lệ'!$E$6))) -> 5000 | DL8: =if($F8=$G8,if(and($F8=$G8,BG8<>BH8),'Thể lệ'!$E$6,if($F8=BG8,0,0.5*'Thể lệ'!$E$6)),if(and($F8=BG8,$G8=BH8),"0",if(($F8-$G8)*(BG8-BH8)>0,0.5*'Thể lệ'!$E$6,'Thể lệ'!$E$6))) -> 0 | DN8: =if($F8=$G8,if(and($F8=$G8,BI8<>BJ8),'Thể lệ'!$E$6,if($F8=BI8,0,0.5*'Thể lệ'!$E$6)),if(and($F8=BI8,$G8=BJ8),"0",if(($F8-$G8)*(BI8-BJ8)>0,0.5*'Thể lệ'!$E$6,'Thể lệ'!$E$6))) -> 5000
B9: 3 | C9: 46186.083 | D9: 46186.083 | E9: Canada | H9: Bosnia/Herzeg. | K9: 1 | L9: 3 | O9: 2 | P9: 1 | Q9: =AE9 -> 1 | R9: 0 | S9: 2 | T9: 1 | U9: 1 | V9: 1 | W9: 1 | X9: 1 | Y9: 0 | Z9: 2 | AC9: 1 | AD9: 0 | AE9: 1 | AF9: 1 | AK9: 0 | AL9: 1 | AM9: 1 | AN9: 1 | AO9: 1 | AP9: 2 | AQ9: 0 | AR9: =BF9 -> 1 | AS9: 1 | AT9: 1 | AU9: 1 | AV9: 0 | AY9: 2 | AZ9: 1 | BA9: 1 | BB9: 1 | BC9: 2 | BD9: 1 | BE9: 2 | BF9: 1 | BI9: =H.Son!H9 -> 2 | BJ9: =H.Son!I9 -> 1 | BN9: =if($F9=$G9,if(and($F9=$G9,I9<>J9),'Thể lệ'!$E$6,if($F9=I9,0,0.5*'Thể lệ'!$E$6)),if(and($F9=I9,$G9=J9),"0",if(($F9-$G9)*(I9-J9)>0,0.5*'Thể lệ'!$E$6,'Thể lệ'!$E$6))) -> 0 | BP9: =if($F9=$G9,if(and($F9=$G9,K9<>L9),'Thể lệ'!$E$6,if($F9=K9,0,0.5*'Thể lệ'!$E$6)),if(and($F9=K9,$G9=L9),"0",if(($F9-$G9)*(K9-L9)>0,0.5*'Thể lệ'!$E$6,'Thể lệ'!$E$6))) -> 10000 | BR9: =if($F9=$G9,if(and($F9=$G9,M9<>N9),'Thể lệ'!$E$6,if($F9=M9,0,0.5*'Thể lệ'!$E$6)),if(and($F9=M9,$G9=N9),"0",if(($F9-$G9)*(M9-N9)>0,0.5*'Thể lệ'!$E$6,'Thể lệ'!$E$6))) -> 0 | BT9: =if($F9=$G9,if(and($F9=$G9,O9<>P9),'Thể lệ'!$E$6,if($F9=O9,0,0.5*'Thể lệ'!$E$6)),if(and($F9=O9,$G9=P9),"0",if(($F9-$G9)*(O9-P9)>0,0.5*'Thể lệ'!$E$6,'Thể lệ'!$E$6))) -> 10000 | BV9: =if($F9=$G9,if(and($F9=$G9,Q9<>R9),'Thể lệ'!$E$6,if($F9=Q9,0,0.5*'Thể lệ'!$E$6)),if(and($F9=Q9,$G9=R9),"0",if(($F9-$G9)*(Q9-R9)>0,0.5*'Thể lệ'!$E$6,'Thể lệ'!$E$6))) -> 10000 | BX9: =if($F9=$G9,if(and($F9=$G9,S9<>T9),'Thể lệ'!$E$6,if($F9=S9,0,0.5*'Thể lệ'!$E$6)),if(and($F9=S9,$G9=T9),"0",if(($F9-$G9)*(S9-T9)>0,0.5*'Thể lệ'!$E$6,'Thể lệ'!$E$6))) -> 10000 | BZ9: =if($F9=$G9,if(and($F9=$G9,U9<>V9),'Thể lệ'!$E$6,if($F9=U9,0,0.5*'Thể lệ'!$E$6)),if(and($F9=U9,$G9=V9),"0",if(($F9-$G9)*(U9-V9)>0,0.5*'Thể lệ'!$E$6,'Thể lệ'!$E$6))) -> 5000 | CB9: =if($F9=$G9,if(and($F9=$G9,W9<>X9),'Thể lệ'!$E$6,if($F9=W9,0,0.5*'Thể lệ'!$E$6)),if(and($F9=W9,$G9=X9),"0",if(($F9-$G9)*(W9-X9)>0,0.5*'Thể lệ'!$E$6,'Thể lệ'!$E$6))) -> 5000 | CD9: =if($F9=$G9,if(and($F9=$G9,Y9<>Z9),'Thể lệ'!$E$6,if($F9=Y9,0,0.5*'Thể lệ'!$E$6)),if(and($F9=Y9,$G9=Z9),"0",if(($F9-$G9)*(Y9-Z9)>0,0.5*'Thể lệ'!$E$6,'Thể lệ'!$E$6))) -> 10000 | CF9: =if($F9=$G9,if(and($F9=$G9,AA9<>AB9),'Thể lệ'!$E$6,if($F9=AA9,0,0.5*'Thể lệ'!$E$6)),if(and($F9=AA9,$G9=AB9),"0",if(($F9-$G9)*(AA9-AB9)>0,0.5*'Thể lệ'!$E$6,'Thể lệ'!$E$6))) -> 0 | CH9: =if($F9=$G9,if(and($F9=$G9,AC9<>AD9),'Thể lệ'!$E$6,if($F9=AC9,0,0.5*'Thể lệ'!$E$6)),if(and($F9=AC9,$G9=AD9),"0",if(($F9-$G9)*(AC9-AD9)>0,0.5*'Thể lệ'!$E$6,'Thể lệ'!$E$6))) -> 10000 | CJ9: =if($F9=$G9,if(and($F9=$G9,AE9<>AF9),'Thể lệ'!$E$6,if($F9=AE9,0,0.5*'Thể lệ'!$E$6)),if(and($F9=AE9,$G9=AF9),"0",if(($F9-$G9)*(AE9-AF9)>0,0.5*'Thể lệ'!$E$6,'Thể lệ'!$E$6))) -> 5000 | CL9: =if($F9=$G9,if(and($F9=$G9,AG9<>AH9),'Thể lệ'!$E$6,if($F9=AG9,0,0.5*'Thể lệ'!$E$6)),if(and($F9=AG9,$G9=AH9),"0",if(($F9-$G9)*(AG9-AH9)>0,0.5*'Thể lệ'!$E$6,'Thể lệ'!$E$6))) -> 0 | CN9: =if($F9=$G9,if(and($F9=$G9,AI9<>AJ9),'Thể lệ'!$E$6,if($F9=AI9,0,0.5*'Thể lệ'!$E$6)),if(and($F9=AI9,$G9=AJ9),"0",if(($F9-$G9)*(AI9-AJ9)>0,0.5*'Thể lệ'!$E$6,'Thể lệ'!$E$6))) -> 0 | CP9: =if($F9=$G9,if(and($F9=$G9,AK9<>AL9),'Thể lệ'!$E$6,if($F9=AK9,0,0.5*'Thể lệ'!$E$6)),if(and($F9=AK9,$G9=AL9),"0",if(($F9-$G9)*(AK9-AL9)>0,0.5*'Thể lệ'!$E$6,'Thể lệ'!$E$6))) -> 10000 | CR9: =if($F9=$G9,if(and($F9=$G9,AM9<>AN9),'Thể lệ'!$E$6,if($F9=AM9,0,0.5*'Thể lệ'!$E$6)),if(and($F9=AM9,$G9=AN9),"0",if(($F9-$G9)*(AM9-AN9)>0,0.5*'Thể lệ'!$E$6,'Thể lệ'!$E$6))) -> 5000 | CT9: =if($F9=$G9,if(and($F9=$G9,AO9<>AP9),'Thể lệ'!$E$6,if($F9=AO9,0,0.5*'Thể lệ'!$E$6)),if(and($F9=AO9,$G9=AP9),"0",if(($F9-$G9)*(AO9-AP9)>0,0.5*'Thể lệ'!$E$6,'Thể lệ'!$E$6))) -> 10000 | CV9: =if($F9=$G9,if(and($F9=$G9,AQ9<>AR9),'Thể lệ'!$E$6,if($F9=AQ9,0,0.5*'Thể lệ'!$E$6)),if(and($F9=AQ9,$G9=AR9),"0",if(($F9-$G9)*(AQ9-AR9)>0,0.5*'Thể lệ'!$E$6,'Thể lệ'!$E$6))) -> 10000 | CX9: =if($F9=$G9,if(and($F9=$G9,AS9<>AT9),'Thể lệ'!$E$6,if($F9=AS9,0,0.5*'Thể lệ'!$E$6)),if(and($F9=AS9,$G9=AT9),"0",if(($F9-$G9)*(AS9-AT9)>0,0.5*'Thể lệ'!$E$6,'Thể lệ'!$E$6))) -> 5000 | CZ9: =if($F9=$G9,if(and($F9=$G9,AU9<>AV9),'Thể lệ'!$E$6,if($F9=AU9,0,0.5*'Thể lệ'!$E$6)),if(and($F9=AU9,$G9=AV9),"0",if(($F9-$G9)*(AU9-AV9)>0,0.5*'Thể lệ'!$E$6,'Thể lệ'!$E$6))) -> 10000 | DB9: =if($F9=$G9,if(and($F9=$G9,AW9<>AX9),'Thể lệ'!$E$6,if($F9=AW9,0,0.5*'Thể lệ'!$E$6)),if(and($F9=AW9,$G9=AX9),"0",if(($F9-$G9)*(AW9-AX9)>0,0.5*'Thể lệ'!$E$6,'Thể lệ'!$E$6))) -> 0 | DD9: =if($F9=$G9,if(and($F9=$G9,AY9<>AZ9),'Thể lệ'!$E$6,if($F9=AY9,0,0.5*'Thể lệ'!$E$6)),if(and($F9=AY9,$G9=AZ9),"0",if(($F9-$G9)*(AY9-AZ9)>0,0.5*'Thể lệ'!$E$6,'Thể lệ'!$E$6))) -> 10000 | DF9: =if($F9=$G9,if(and($F9=$G9,BA9<>BB9),'Thể lệ'!$E$6,if($F9=BA9,0,0.5*'Thể lệ'!$E$6)),if(and($F9=BA9,$G9=BB9),"0",if(($F9-$G9)*(BA9-BB9)>0,0.5*'Thể lệ'!$E$6,'Thể lệ'!$E$6))) -> 5000 | DH9: =if($F9=$G9,if(and($F9=$G9,BC9<>BD9),'Thể lệ'!$E$6,if($F9=BC9,0,0.5*'Thể lệ'!$E$6)),if(and($F9=BC9,$G9=BD9),"0",if(($F9-$G9)*(BC9-BD9)>0,0.5*'Thể lệ'!$E$6,'Thể lệ'!$E$6))) -> 10000 | DJ9: =if($F9=$G9,if(and($F9=$G9,BE9<>BF9),'Thể lệ'!$E$6,if($F9=BE9,0,0.5*'Thể lệ'!$E$6)),if(and($F9=BE9,$G9=BF9),"0",if(($F9-$G9)*(BE9-BF9)>0,0.5*'Thể lệ'!$E$6,'Thể lệ'!$E$6))) -> 10000 | DL9: =if($F9=$G9,if(and($F9=$G9,BG9<>BH9),'Thể lệ'!$E$6,if($F9=BG9,0,0.5*'Thể lệ'!$E$6)),if(and($F9=BG9,$G9=BH9),"0",if(($F9-$G9)*(BG9-BH9)>0,0.5*'Thể lệ'!$E$6,'Thể lệ'!$E$6))) -> 0 | DN9: =if($F9=$G9,if(and($F9=$G9,BI9<>BJ9),'Thể lệ'!$E$6,if($F9=BI9,0,0.5*'Thể lệ'!$E$6)),if(and($F9=BI9,$G9=BJ9),"0",if(($F9-$G9)*(BI9-BJ9)>0,0.5*'Thể lệ'!$E$6,'Thể lệ'!$E$6))) -> 10000
B10: 4 | C10: 46186.333 | D10: 46186.333 | E10: USA | H10: Paraguay | K10: 1 | L10: 2 | O10: 2 | P10: 1 | Q10: =AE10 -> 1 | R10: =AF10 -> 1 | S10: 2 | T10: 1 | U10: 0 | V10: 0 | W10: 0 | X10: 0 | Y10: 1 | Z10: 3 | AC10: 0 | AD10: 2 | AE10: 1 | AF10: 1 | AK10: 1 | AL10: 2 | AM10: 1 | AN10: 2 | AO10: 1 | AP10: 3 | AQ10: =BE10 -> 2 | AR10: =BF10 -> 1 | AS10: 2 | AT10: 0 | AU10: 2 | AV10: 1 | AY10: 0 | AZ10: 1 | BA10: 2 | BB10: 1 | BC10: 2 | BD10: 0 | BE10: 2 | BF10: 1 | BI10: =H.Son!H10 -> 2 | BJ10: =H.Son!I10 -> 0 | BN10: =if($F10=$G10,if(and($F10=$G10,I10<>J10),'Thể lệ'!$E$6,if($F10=I10,0,0.5*'Thể lệ'!$E$6)),if(and($F10=I10,$G10=J10),"0",if(($F10-$G10)*(I10-J10)>0,0.5*'Thể lệ'!$E$6,'Thể lệ'!$E$6))) -> 0 | BP10: =if($F10=$G10,if(and($F10=$G10,K10<>L10),'Thể lệ'!$E$6,if($F10=K10,0,0.5*'Thể lệ'!$E$6)),if(and($F10=K10,$G10=L10),"0",if(($F10-$G10)*(K10-L10)>0,0.5*'Thể lệ'!$E$6,'Thể lệ'!$E$6))) -> 10000 | BR10: =if($F10=$G10,if(and($F10=$G10,M10<>N10),'Thể lệ'!$E$6,if($F10=M10,0,0.5*'Thể lệ'!$E$6)),if(and($F10=M10,$G10=N10),"0",if(($F10-$G10)*(M10-N10)>0,0.5*'Thể lệ'!$E$6,'Thể lệ'!$E$6))) -> 0 | BT10: =if($F10=$G10,if(and($F10=$G10,O10<>P10),'Thể lệ'!$E$6,if($F10=O10,0,0.5*'Thể lệ'!$E$6)),if(and($F10=O10,$G10=P10),"0",if(($F10-$G10)*(O10-P10)>0,0.5*'Thể lệ'!$E$6,'Thể lệ'!$E$6))) -> 10000 | BV10: =if($F10=$G10,if(and($F10=$G10,Q10<>R10),'Thể lệ'!$E$6,if($F10=Q10,0,0.5*'Thể lệ'!$E$6)),if(and($F10=Q10,$G10=R10),"0",if(($F10-$G10)*(Q10-R10)>0,0.5*'Thể lệ'!$E$6,'Thể lệ'!$E$6))) -> 5000 | BX10: =if($F10=$G10,if(and($F10=$G10,S10<>T10),'Thể lệ'!$E$6,if($F10=S10,0,0.5*'Thể lệ'!$E$6)),if(and($F10=S10,$G10=T10),"0",if(($F10-$G10)*(S10-T10)>0,0.5*'Thể lệ'!$E$6,'Thể lệ'!$E$6))) -> 10000 | BZ10: =if($F10=$G10,if(and($F10=$G10,U10<>V10),'Thể lệ'!$E$6,if($F10=U10,0,0.5*'Thể lệ'!$E$6)),if(and($F10=U10,$G10=V10),"0",if(($F10-$G10)*(U10-V10)>0,0.5*'Thể lệ'!$E$6,'Thể lệ'!$E$6))) -> 0 | CB10: =if($F10=$G10,if(and($F10=$G10,W10<>X10),'Thể lệ'!$E$6,if($F10=W10,0,0.5*'Thể lệ'!$E$6)),if(and($F10=W10,$G10=X10),"0",if(($F10-$G10)*(W10-X10)>0,0.5*'Thể lệ'!$E$6,'Thể lệ'!$E$6))) -> 0 | CD10: =if($F10=$G10,if(and($F10=$G10,Y10<>Z10),'Thể lệ'!$E$6,if($F10=Y10,0,0.5*'Thể lệ'!$E$6)),if(and($F10=Y10,$G10=Z10),"0",if(($F10-$G10)*(Y10-Z10)>0,0.5*'Thể lệ'!$E$6,'Thể lệ'!$E$6))) -> 10000 | CF10: =if($F10=$G10,if(and($F10=$G10,AA10<>AB10),'Thể lệ'!$E$6,if($F10=AA10,0,0.5*'Thể lệ'!$E$6)),if(and($F10=AA10,$G10=AB10),"0",if(($F10-$G10)*(AA10-AB10)>0,0.5*'Thể lệ'!$E$6,'Thể lệ'!$E$6))) -> 0 | CH10: =if($F10=$G10,if(and($F10=$G10,AC10<>AD10),'Thể lệ'!$E$6,if($F10=AC10,0,0.5*'Thể lệ'!$E$6)),if(and($F10=AC10,$G10=AD10),"0",if(($F10-$G10)*(AC10-AD10)>0,0.5*'Thể lệ'!$E$6,'Thể lệ'!$E$6))) -> 10000 | CJ10: =if($F10=$G10,if(and($F10=$G10,AE10<>AF10),'Thể lệ'!$E$6,if($F10=AE10,0,0.5*'Thể lệ'!$E$6)),if(and($F10=AE10,$G10=AF10),"0",if(($F10-$G10)*(AE10-AF10)>0,0.5*'Thể lệ'!$E$6,'Thể lệ'!$E$6))) -> 5000 | CL10: =if($F10=$G10,if(and($F10=$G10,AG10<>AH10),'Thể lệ'!$E$6,if($F10=AG10,0,0.5*'Thể lệ'!$E$6)),if(and($F10=AG10,$G10=AH10),"0",if(($F10-$G10)*(AG10-AH10)>0,0.5*'Thể lệ'!$E$6,'Thể lệ'!$E$6))) -> 0 | CN10: =if($F10=$G10,if(and($F10=$G10,AI10<>AJ10),'Thể lệ'!$E$6,if($F10=AI10,0,0.5*'Thể lệ'!$E$6)),if(and($F10=AI10,$G10=AJ10),"0",if(($F10-$G10)*(AI10-AJ10)>0,0.5*'Thể lệ'!$E$6,'Thể lệ'!$E$6))) -> 0 | CP10: =if($F10=$G10,if(and($F10=$G10,AK10<>AL10),'Thể lệ'!$E$6,if($F10=AK10,0,0.5*'Thể lệ'!$E$6)),if(and($F10=AK10,$G10=AL10),"0",if(($F10-$G10)*(AK10-AL10)>0,0.5*'Thể lệ'!$E$6,'Thể lệ'!$E$6))) -> 10000 | CR10: =if($F10=$G10,if(and($F10=$G10,AM10<>AN10),'Thể lệ'!$E$6,if($F10=AM10,0,0.5*'Thể lệ'!$E$6)),if(and($F10=AM10,$G10=AN10),"0",if(($F10-$G10)*(AM10-AN10)>0,0.5*'Thể lệ'!$E$6,'Thể lệ'!$E$6))) -> 10000 | CT10: =if($F10=$G10,if(and($F10=$G10,AO10<>AP10),'Thể lệ'!$E$6,if($F10=AO10,0,0.5*'Thể lệ'!$E$6)),if(and($F10=AO10,$G10=AP10),"0",if(($F10-$G10)*(AO10-AP10)>0,0.5*'Thể lệ'!$E$6,'Thể lệ'!$E$6))) -> 10000 | CV10: =if($F10=$G10,if(and($F10=$G10,AQ10<>AR10),'Thể lệ'!$E$6,if($F10=AQ10,0,0.5*'Thể lệ'!$E$6)),if(and($F10=AQ10,$G10=AR10),"0",if(($F10-$G10)*(AQ10-AR10)>0,0.5*'Thể lệ'!$E$6,'Thể lệ'!$E$6))) -> 10000 | CX10: =if($F10=$G10,if(and($F10=$G10,AS10<>AT10),'Thể lệ'!$E$6,if($F10=AS10,0,0.5*'Thể lệ'!$E$6)),if(and($F10=AS10,$G10=AT10),"0",if(($F10-$G10)*(AS10-AT10)>0,0.5*'Thể lệ'!$E$6,'Thể lệ'!$E$6))) -> 10000 | CZ10: =if($F10=$G10,if(and($F10=$G10,AU10<>AV10),'Thể lệ'!$E$6,if($F10=AU10,0,0.5*'Thể lệ'!$E$6)),if(and($F10=AU10,$G10=AV10),"0",if(($F10-$G10)*(AU10-AV10)>0,0.5*'Thể lệ'!$E$6,'Thể lệ'!$E$6))) -> 10000 | DB10: =if($F10=$G10,if(and($F10=$G10,AW10<>AX10),'Thể lệ'!$E$6,if($F10=AW10,0,0.5*'Thể lệ'!$E$6)),if(and($F10=AW10,$G10=AX10),"0",if(($F10-$G10)*(AW10-AX10)>0,0.5*'Thể lệ'!$E$6,'Thể lệ'!$E$6))) -> 0 | DD10: =if($F10=$G10,if(and($F10=$G10,AY10<>AZ10),'Thể lệ'!$E$6,if($F10=AY10,0,0.5*'Thể lệ'!$E$6)),if(and($F10=AY10,$G10=AZ10),"0",if(($F10-$G10)*(AY10-AZ10)>0,0.5*'Thể lệ'!$E$6,'Thể lệ'!$E$6))) -> 10000 | DF10: =if($F10=$G10,if(and($F10=$G10,BA10<>BB10),'Thể lệ'!$E$6,if($F10=BA10,0,0.5*'Thể lệ'!$E$6)),if(and($F10=BA10,$G10=BB10),"0",if(($F10-$G10)*(BA10-BB10)>0,0.5*'Thể lệ'!$E$6,'Thể lệ'!$E$6))) -> 10000 | DH10: =if($F10=$G10,if(and($F10=$G10,BC10<>BD10),'Thể lệ'!$E$6,if($F10=BC10,0,0.5*'Thể lệ'!$E$6)),if(and($F10=BC10,$G10=BD10),"0",if(($F10-$G10)*(BC10-BD10)>0,0.5*'Thể lệ'!$E$6,'Thể lệ'!$E$6))) -> 10000 | DJ10: =if($F10=$G10,if(and($F10=$G10,BE10<>BF10),'Thể lệ'!$E$6,if($F10=BE10,0,0.5*'Thể lệ'!$E$6)),if(and($F10=BE10,$G10=BF10),"0",if(($F10-$G10)*(BE10-BF10)>0,0.5*'Thể lệ'!$E$6,'Thể lệ'!$E$6))) -> 10000 | DL10: =if($F10=$G10,if(and($F10=$G10,BG10<>BH10),'Thể lệ'!$E$6,if($F10=BG10,0,0.5*'Thể lệ'!$E$6)),if(and($F10=BG10,$G10=BH10),"0",if(($F10-$G10)*(BG10-BH10)>0,0.5*'Thể lệ'!$E$6,'Thể lệ'!$E$6))) -> 0 | DN10: =if($F10=$G10,if(and($F10=$G10,BI10<>BJ10),'Thể lệ'!$E$6,if($F10=BI10,0,0.5*'Thể lệ'!$E$6)),if(and($F10=BI10,$G10=BJ10),"0",if(($F10-$G10)*(BI10-BJ10)>0,0.5*'Thể lệ'!$E$6,'Thể lệ'!$E$6))) -> 10000
B11: 5 | C11: 46187.083 | D11: 46187.083 | E11: Qatar | H11: Switzerland | K11: 2 | L11: 3 | O11: 0 | P11: 2 | Q11: =AE11 -> 1 | R11: =AF11 -> 1 | S11: 0 | T11: 2 | U11: 1 | V11: 2 | W11: 1 | X11: 2 | Y11: 0 | Z11: 3 | AE11: 1 | AF11: 1 | AK11: 0 | AL11: 1 | AM11: 0 | AN11: 2 | AO11: 1 | AP11: 2 | AQ11: =BE11 -> 0 | AR11: =BF11 -> 1 | AS11: 0 | AT11: 2 | AU11: 0 | AV11: 2 | AY11: 0 | AZ11: 1 | BA11: 0 | BB11: 1 | BC11: 0 | BD11: 3 | BE11: 0 | BF11: 1 | BI11: =H.Son!H11 -> 0 | BJ11: =H.Son!I11 -> 2 | BN11: =if($F11=$G11,if(and($F11=$G11,I11<>J11),'Thể lệ'!$E$6,if($F11=I11,0,0.5*'Thể lệ'!$E$6)),if(and($F11=I11,$G11=J11),"0",if(($F11-$G11)*(I11-J11)>0,0.5*'Thể lệ'!$E$6,'Thể lệ'!$E$6))) -> 0 | BP11: =if($F11=$G11,if(and($F11=$G11,K11<>L11),'Thể lệ'!$E$6,if($F11=K11,0,0.5*'Thể lệ'!$E$6)),if(and($F11=K11,$G11=L11),"0",if(($F11-$G11)*(K11-L11)>0,0.5*'Thể lệ'!$E$6,'Thể lệ'!$E$6))) -> 10000 | BR11: =if($F11=$G11,if(and($F11=$G11,M11<>N11),'Thể lệ'!$E$6,if($F11=M11,0,0.5*'Thể lệ'!$E$6)),if(and($F11=M11,$G11=N11),"0",if(($F11-$G11)*(M11-N11)>0,0.5*'Thể lệ'!$E$6,'Thể lệ'!$E$6))) -> 0 | BT11: =if($F11=$G11,if(and($F11=$G11,O11<>P11),'Thể lệ'!$E$6,if($F11=O11,0,0.5*'Thể lệ'!$E$6)),if(and($F11=O11,$G11=P11),"0",if(($F11-$G11)*(O11-P11)>0,0.5*'Thể lệ'!$E$6,'Thể lệ'!$E$6))) -> 10000 | BV11: =if($F11=$G11,if(and($F11=$G11,Q11<>R11),'Thể lệ'!$E$6,if($F11=Q11,0,0.5*'Thể lệ'!$E$6)),if(and($F11=Q11,$G11=R11),"0",if(($F11-$G11)*(Q11-R11)>0,0.5*'Thể lệ'!$E$6,'Thể lệ'!$E$6))) -> 5000 | BX11: =if($F11=$G11,if(and($F11=$G11,S11<>T11),'Thể lệ'!$E$6,if($F11=S11,0,0.5*'Thể lệ'!$E$6)),if(and($F11=S11,$G11=T11),"0",if(($F11-$G11)*(S11-T11)>0,0.5*'Thể lệ'!$E$6,'Thể lệ'!$E$6))) -> 10000 | BZ11: =if($F11=$G11,if(and($F11=$G11,U11<>V11),'Thể lệ'!$E$6,if($F11=U11,0,0.5*'Thể lệ'!$E$6)),if(and($F11=U11,$G11=V11),"0",if(($F11-$G11)*(U11-V11)>0,0.5*'Thể lệ'!$E$6,'Thể lệ'!$E$6))) -> 10000 | CB11: =if($F11=$G11,if(and($F11=$G11,W11<>X11),'Thể lệ'!$E$6,if($F11=W11,0,0.5*'Thể lệ'!$E$6)),if(and($F11=W11,$G11=X11),"0",if(($F11-$G11)*(W11-X11)>0,0.5*'Thể lệ'!$E$6,'Thể lệ'!$E$6))) -> 10000 | CD11: =if($F11=$G11,if(and($F11=$G11,Y11<>Z11),'Thể lệ'!$E$6,if($F11=Y11,0,0.5*'Thể lệ'!$E$6)),if(and($F11=Y11,$G11=Z11),"0",if(($F11-$G11)*(Y11-Z11)>0,0.5*'Thể lệ'!$E$6,'Thể lệ'!$E$6))) -> 10000 | CF11: =if($F11=$G11,if(and($F11=$G11,AA11<>AB11),'Thể lệ'!$E$6,if($F11=AA11,0,0.5*'Thể lệ'!$E$6)),if(and($F11=AA11,$G11=AB11),"0",if(($F11-$G11)*(AA11-AB11)>0,0.5*'Thể lệ'!$E$6,'Thể lệ'!$E$6))) -> 0 | CH11: =if($F11=$G11,if(and($F11=$G11,AC11<>AD11),'Thể lệ'!$E$6,if($F11=AC11,0,0.5*'Thể lệ'!$E$6)),if(and($F11=AC11,$G11=AD11),"0",if(($F11-$G11)*(AC11-AD11)>0,0.5*'Thể lệ'!$E$6,'Thể lệ'!$E$6))) -> 0 | CJ11: =if($F11=$G11,if(and($F11=$G11,AE11<>AF11),'Thể lệ'!$E$6,if($F11=AE11,0,0.5*'Thể lệ'!$E$6)),if(and($F11=AE11,$G11=AF11),"0",if(($F11-$G11)*(AE11-AF11)>0,0.5*'Thể lệ'!$E$6,'Thể lệ'!$E$6))) -> 5000 | CL11: =if($F11=$G11,if(and($F11=$G11,AG11<>AH11),'Thể lệ'!$E$6,if($F11=AG11,0,0.5*'Thể lệ'!$E$6)),if(and($F11=AG11,$G11=AH11),"0",if(($F11-$G11)*(AG11-AH11)>0,0.5*'Thể lệ'!$E$6,'Thể lệ'!$E$6))) -> 0 | CN11: =if($F11=$G11,if(and($F11=$G11,AI11<>AJ11),'Thể lệ'!$E$6,if($F11=AI11,0,0.5*'Thể lệ'!$E$6)),if(and($F11=AI11,$G11=AJ11),"0",if(($F11-$G11)*(AI11-AJ11)>0,0.5*'Thể lệ'!$E$6,'Thể lệ'!$E$6))) -> 0 | CP11: =if($F11=$G11,if(and($F11=$G11,AK11<>AL11),'Thể lệ'!$E$6,if($F11=AK11,0,0.5*'Thể lệ'!$E$6)),if(and($F11=AK11,$G11=AL11),"0",if(($F11-$G11)*(AK11-AL11)>0,0.5*'Thể lệ'!$E$6,'Thể lệ'!$E$6))) -> 10000 | CR11: =if($F11=$G11,if(and($F11=$G11,AM11<>AN11),'Thể lệ'!$E$6,if($F11=AM11,0,0.5*'Thể lệ'!$E$6)),if(and($F11=AM11,$G11=AN11),"0",if(($F11-$G11)*(AM11-AN11)>0,0.5*'Thể lệ'!$E$6,'Thể lệ'!$E$6))) -> 10000 | CT11: =if($F11=$G11,if(and($F11=$G11,AO11<>AP11),'Thể lệ'!$E$6,if($F11=AO11,0,0.5*'Thể lệ'!$E$6)),if(and($F11=AO11,$G11=AP11),"0",if(($F11-$G11)*(AO11-AP11)>0,0.5*'Thể lệ'!$E$6,'Thể lệ'!$E$6))) -> 10000 | CV11: =if($F11=$G11,if(and($F11=$G11,AQ11<>AR11),'Thể lệ'!$E$6,if($F11=AQ11,0,0.5*'Thể lệ'!$E$6)),if(and($F11=AQ11,$G11=AR11),"0",if(($F11-$G11)*(AQ11-AR11)>0,0.5*'Thể lệ'!$E$6,'Thể lệ'!$E$6))) -> 10000 | CX11: =if($F11=$G11,if(and($F11=$G11,AS11<>AT11),'Thể lệ'!$E$6,if($F11=AS11,0,0.5*'Thể lệ'!$E$6)),if(and($F11=AS11,$G11=AT11),"0",if(($F11-$G11)*(AS11-AT11)>0,0.5*'Thể lệ'!$E$6,'Thể lệ'!$E$6))) -> 10000 | CZ11: =if($F11=$G11,if(and($F11=$G11,AU11<>AV11),'Thể lệ'!$E$6,if($F11=AU11,0,0.5*'Thể lệ'!$E$6)),if(and($F11=AU11,$G11=AV11),"0",if(($F11-$G11)*(AU11-AV11)>0,0.5*'Thể lệ'!$E$6,'Thể lệ'!$E$6))) -> 10000 | DB11: =if($F11=$G11,if(and($F11=$G11,AW11<>AX11),'Thể lệ'!$E$6,if($F11=AW11,0,0.5*'Thể lệ'!$E$6)),if(and($F11=AW11,$G11=AX11),"0",if(($F11-$G11)*(AW11-AX11)>0,0.5*'Thể lệ'!$E$6,'Thể lệ'!$E$6))) -> 0 | DD11: =if($F11=$G11,if(and($F11=$G11,AY11<>AZ11),'Thể lệ'!$E$6,if($F11=AY11,0,0.5*'Thể lệ'!$E$6)),if(and($F11=AY11,$G11=AZ11),"0",if(($F11-$G11)*(AY11-AZ11)>0,0.5*'Thể lệ'!$E$6,'Thể lệ'!$E$6))) -> 10000 | DF11: =if($F11=$G11,if(and($F11=$G11,BA11<>BB11),'Thể lệ'!$E$6,if($F11=BA11,0,0.5*'Thể lệ'!$E$6)),if(and($F11=BA11,$G11=BB11),"0",if(($F11-$G11)*(BA11-BB11)>0,0.5*'Thể lệ'!$E$6,'Thể lệ'!$E$6))) -> 10000 | DH11: =if($F11=$G11,if(and($F11=$G11,BC11<>BD11),'Thể lệ'!$E$6,if($F11=BC11,0,0.5*'Thể lệ'!$E$6)),if(and($F11=BC11,$G11=BD11),"0",if(($F11-$G11)*(BC11-BD11)>0,0.5*'Thể lệ'!$E$6,'Thể lệ'!$E$6))) -> 10000 | DJ11: =if($F11=$G11,if(and($F11=$G11,BE11<>BF11),'Thể lệ'!$E$6,if($F11=BE11,0,0.5*'Thể lệ'!$E$6)),if(and($F11=BE11,$G11=BF11),"0",if(($F11-$G11)*(BE11-BF11)>0,0.5*'Thể lệ'!$E$6,'Thể lệ'!$E$6))) -> 10000 | DL11: =if($F11=$G11,if(and($F11=$G11,BG11<>BH11),'Thể lệ'!$E$6,if($F11=BG11,0,0.5*'Thể lệ'!$E$6)),if(and($F11=BG11,$G11=BH11),"0",if(($F11-$G11)*(BG11-BH11)>0,0.5*'Thể lệ'!$E$6,'Thể lệ'!$E$6))) -> 0 | DN11: =if($F11=$G11,if(and($F11=$G11,BI11<>BJ11),'Thể lệ'!$E$6,if($F11=BI11,0,0.5*'Thể lệ'!$E$6)),if(and($F11=BI11,$G11=BJ11),"0",if(($F11-$G11)*(BI11-BJ11)>0,0.5*'Thể lệ'!$E$6,'Thể lệ'!$E$6))) -> 10000
B12: 6 | C12: 46187.208 | D12: 46187.208 | E12: Brazil | H12: Morocco | K12: 3 | L12: 1 | O12: 3 | P12: 1 | Q12: =AE12 -> 1 | R12: =AF12 -> 1 | S12: 2 | T12: 1 | U12: 2 | V12: 0 | W12: 2 | X12: 0 | Y12: 1 | Z12: 1 | AE12: 1 | AF12: 1 | AK12: 2 | AL12: 0 | AO12: 2 | AP12: 2 | AQ12: =BE12 -> 2 | AR12: =BF12 -> 1 | AS12: 3 | AT12: 0 | AU12: 2 | AV12: 1 | AY12: 2 | AZ12: 0 | BA12: 1 | BB12: 2 | BC12: 2 | BD12: 1 | BE12: 2 | BF12: 1 | BI12: =H.Son!H12 -> 2 | BJ12: =H.Son!I12 -> 0 | BN12: =if($F12=$G12,if(and($F12=$G12,I12<>J12),'Thể lệ'!$E$6,if($F12=I12,0,0.5*'Thể lệ'!$E$6)),if(and($F12=I12,$G12=J12),"0",if(($F12-$G12)*(I12-J12)>0,0.5*'Thể lệ'!$E$6,'Thể lệ'!$E$6))) -> 0 | BP12: =if($F12=$G12,if(and($F12=$G12,K12<>L12),'Thể lệ'!$E$6,if($F12=K12,0,0.5*'Thể lệ'!$E$6)),if(and($F12=K12,$G12=L12),"0",if(($F12-$G12)*(K12-L12)>0,0.5*'Thể lệ'!$E$6,'Thể lệ'!$E$6))) -> 10000 | BR12: =if($F12=$G12,if(and($F12=$G12,M12<>N12),'Thể lệ'!$E$6,if($F12=M12,0,0.5*'Thể lệ'!$E$6)),if(and($F12=M12,$G12=N12),"0",if(($F12-$G12)*(M12-N12)>0,0.5*'Thể lệ'!$E$6,'Thể lệ'!$E$6))) -> 0 | BT12: =if($F12=$G12,if(and($F12=$G12,O12<>P12),'Thể lệ'!$E$6,if($F12=O12,0,0.5*'Thể lệ'!$E$6)),if(and($F12=O12,$G12=P12),"0",if(($F12-$G12)*(O12-P12)>0,0.5*'Thể lệ'!$E$6,'Thể lệ'!$E$6))) -> 10000 | BV12: =if($F12=$G12,if(and($F12=$G12,Q12<>R12),'Thể lệ'!$E$6,if($F12=Q12,0,0.5*'Thể lệ'!$E$6)),if(and($F12=Q12,$G12=R12),"0",if(($F12-$G12)*(Q12-R12)>0,0.5*'Thể lệ'!$E$6,'Thể lệ'!$E$6))) -> 5000 | BX12: =if($F12=$G12,if(and($F12=$G12,S12<>T12),'Thể lệ'!$E$6,if($F12=S12,0,0.5*'Thể lệ'!$E$6)),if(and($F12=S12,$G12=T12),"0",if(($F12-$G12)*(S12-T12)>0,0.5*'Thể lệ'!$E$6,'Thể lệ'!$E$6))) -> 10000 | BZ12: =if($F12=$G12,if(and($F12=$G12,U12<>V12),'Thể lệ'!$E$6,if($F12=U12,0,0.5*'Thể lệ'!$E$6)),if(and($F12=U12,$G12=V12),"0",if(($F12-$G12)*(U12-V12)>0,0.5*'Thể lệ'!$E$6,'Thể lệ'!$E$6))) -> 10000 | CB12: =if($F12=$G12,if(and($F12=$G12,W12<>X12),'Thể lệ'!$E$6,if($F12=W12,0,0.5*'Thể lệ'!$E$6)),if(and($F12=W12,$G12=X12),"0",if(($F12-$G12)*(W12-X12)>0,0.5*'Thể lệ'!$E$6,'Thể lệ'!$E$6))) -> 10000 | CD12: =if($F12=$G12,if(and($F12=$G12,Y12<>Z12),'Thể lệ'!$E$6,if($F12=Y12,0,0.5*'Thể lệ'!$E$6)),if(and($F12=Y12,$G12=Z12),"0",if(($F12-$G12)*(Y12-Z12)>0,0.5*'Thể lệ'!$E$6,'Thể lệ'!$E$6))) -> 5000 | CF12: =if($F12=$G12,if(and($F12=$G12,AA12<>AB12),'Thể lệ'!$E$6,if($F12=AA12,0,0.5*'Thể lệ'!$E$6)),if(and($F12=AA12,$G12=AB12),"0",if(($F12-$G12)*(AA12-AB12)>0,0.5*'Thể lệ'!$E$6,'Thể lệ'!$E$6))) -> 0 | CH12: =if($F12=$G12,if(and($F12=$G12,AC12<>AD12),'Thể lệ'!$E$6,if($F12=AC12,0,0.5*'Thể lệ'!$E$6)),if(and($F12=AC12,$G12=AD12),"0",if(($F12-$G12)*(AC12-AD12)>0,0.5*'Thể lệ'!$E$6,'Thể lệ'!$E$6))) -> 0 | CJ12: =if($F12=$G12,if(and($F12=$G12,AE12<>AF12),'Thể lệ'!$E$6,if($F12=AE12,0,0.5*'Thể lệ'!$E$6)),if(and($F12=AE12,$G12=AF12),"0",if(($F12-$G12)*(AE12-AF12)>0,0.5*'Thể lệ'!$E$6,'Thể lệ'!$E$6))) -> 5000 | CL12: =if($F12=$G12,if(and($F12=$G12,AG12<>AH12),'Thể lệ'!$E$6,if($F12=AG12,0,0.5*'Thể lệ'!$E$6)),if(and($F12=AG12,$G12=AH12),"0",if(($F12-$G12)*(AG12-AH12)>0,0.5*'Thể lệ'!$E$6,'Thể lệ'!$E$6))) -> 0 | CN12: =if($F12=$G12,if(and($F12=$G12,AI12<>AJ12),'Thể lệ'!$E$6,if($F12=AI12,0,0.5*'Thể lệ'!$E$6)),if(and($F12=AI12,$G12=AJ12),"0",if(($F12-$G12)*(AI12-AJ12)>0,0.5*'Thể lệ'!$E$6,'Thể lệ'!$E$6))) -> 0 | CP12: =if($F12=$G12,if(and($F12=$G12,AK12<>AL12),'Thể lệ'!$E$6,if($F12=AK12,0,0.5*'Thể lệ'!$E$6)),if(and($F12=AK12,$G12=AL12),"0",if(($F12-$G12)*(AK12-AL12)>0,0.5*'Thể lệ'!$E$6,'Thể lệ'!$E$6))) -> 10000 | CR12: =if($F12=$G12,if(and($F12=$G12,AM12<>AN12),'Thể lệ'!$E$6,if($F12=AM12,0,0.5*'Thể lệ'!$E$6)),if(and($F12=AM12,$G12=AN12),"0",if(($F12-$G12)*(AM12-AN12)>0,0.5*'Thể lệ'!$E$6,'Thể lệ'!$E$6))) -> 0 | CT12: =if($F12=$G12,if(and($F12=$G12,AO12<>AP12),'Thể lệ'!$E$6,if($F12=AO12,0,0.5*'Thể lệ'!$E$6)),if(and($F12=AO12,$G12=AP12),"0",if(($F12-$G12)*(AO12-AP12)>0,0.5*'Thể lệ'!$E$6,'Thể lệ'!$E$6))) -> 5000 | CV12: =if($F12=$G12,if(and($F12=$G12,AQ12<>AR12),'Thể lệ'!$E$6,if($F12=AQ12,0,0.5*'Thể lệ'!$E$6)),if(and($F12=AQ12,$G12=AR12),"0",if(($F12-$G12)*(AQ12-AR12)>0,0.5*'Thể lệ'!$E$6,'Thể lệ'!$E$6))) -> 10000 | CX12: =if($F12=$G12,if(and($F12=$G12,AS12<>AT12),'Thể lệ'!$E$6,if($F12=AS12,0,0.5*'Thể lệ'!$E$6)),if(and($F12=AS12,$G12=AT12),"0",if(($F12-$G12)*(AS12-AT12)>0,0.5*'Thể lệ'!$E$6,'Thể lệ'!$E$6))) -> 10000 | CZ12: =if($F12=$G12,if(and($F12=$G12,AU12<>AV12),'Thể lệ'!$E$6,if($F12=AU12,0,0.5*'Thể lệ'!$E$6)),if(and($F12=AU12,$G12=AV12),"0",if(($F12-$G12)*(AU12-AV12)>0,0.5*'Thể lệ'!$E$6,'Thể lệ'!$E$6))) -> 10000 | DB12: =if($F12=$G12,if(and($F12=$G12,AW12<>AX12),'Thể lệ'!$E$6,if($F12=AW12,0,0.5*'Thể lệ'!$E$6)),if(and($F12=AW12,$G12=AX12),"0",if(($F12-$G12)*(AW12-AX12)>0,0.5*'Thể lệ'!$E$6,'Thể lệ'!$E$6))) -> 0 | DD12: =if($F12=$G12,if(and($F12=$G12,AY12<>AZ12),'Thể lệ'!$E$6,if($F12=AY12,0,0.5*'Thể lệ'!$E$6)),if(and($F12=AY12,$G12=AZ12),"0",if(($F12-$G12)*(AY12-AZ12)>0,0.5*'Thể lệ'!$E$6,'Thể lệ'!$E$6))) -> 10000 | DF12: =if($F12=$G12,if(and($F12=$G12,BA12<>BB12),'Thể lệ'!$E$6,if($F12=BA12,0,0.5*'Thể lệ'!$E$6)),if(and($F12=BA12,$G12=BB12),"0",if(($F12-$G12)*(BA12-BB12)>0,0.5*'Thể lệ'!$E$6,'Thể lệ'!$E$6))) -> 10000 | DH12: =if($F12=$G12,if(and($F12=$G12,BC12<>BD12),'Thể lệ'!$E$6,if($F12=BC12,0,0.5*'Thể lệ'!$E$6)),if(and($F12=BC12,$G12=BD12),"0",if(($F12-$G12)*(BC12-BD12)>0,0.5*'Thể lệ'!$E$6,'Thể lệ'!$E$6))) -> 10000 | DJ12: =if($F12=$G12,if(and($F12=$G12,BE12<>BF12),'Thể lệ'!$E$6,if($F12=BE12,0,0.5*'Thể lệ'!$E$6)),if(and($F12=BE12,$G12=BF12),"0",if(($F12-$G12)*(BE12-BF12)>0,0.5*'Thể lệ'!$E$6,'Thể lệ'!$E$6))) -> 10000 | DL12: =if($F12=$G12,if(and($F12=$G12,BG12<>BH12),'Thể lệ'!$E$6,if($F12=BG12,0,0.5*'Thể lệ'!$E$6)),if(and($F12=BG12,$G12=BH12),"0",if(($F12-$G12)*(BG12-BH12)>0,0.5*'Thể lệ'!$E$6,'Thể lệ'!$E$6))) -> 0 | DN12: =if($F12=$G12,if(and($F12=$G12,BI12<>BJ12),'Thể lệ'!$E$6,if($F12=BI12,0,0.5*'Thể lệ'!$E$6)),if(and($F12=BI12,$G12=BJ12),"0",if(($F12-$G12)*(BI12-BJ12)>0,0.5*'Thể lệ'!$E$6,'Thể lệ'!$E$6))) -> 10000
B13: 7 | C13: 46187.333 | D13: 46187.333 | E13: Haiti | H13: Scotland | K13: 1 | L13: 2 | O13: 0 | P13: 2 | Q13: =AE13 -> 1 | R13: =AF13 -> 2 | S13: 0 | T13: 2 | U13: 0 | V13: 1 | W13: 0 | X13: 1 | Y13: 1 | Z13: 2 | AE13: 1 | AF13: 2 | AK13: 0 | AL13: 1 | AO13: 2 | AP13: 3 | AQ13: =BE13 -> 1 | AR13: =BF13 -> 2 | AS13: 1 | AT13: 1 | AY13: 0 | AZ13: 2 | BA13: 1 | BB13: 2 | BC13: 0 | BD13: 2 | BE13: 1 | BF13: 2 | BI13: =H.Son!H13 -> 0 | BJ13: =H.Son!I13 -> 2 | BN13: =if($F13=$G13,if(and($F13=$G13,I13<>J13),'Thể lệ'!$E$6,if($F13=I13,0,0.5*'Thể lệ'!$E$6)),if(and($F13=I13,$G13=J13),"0",if(($F13-$G13)*(I13-J13)>0,0.5*'Thể lệ'!$E$6,'Thể lệ'!$E$6))) -> 0 | BP13: =if($F13=$G13,if(and($F13=$G13,K13<>L13),'Thể lệ'!$E$6,if($F13=K13,0,0.5*'Thể lệ'!$E$6)),if(and($F13=K13,$G13=L13),"0",if(($F13-$G13)*(K13-L13)>0,0.5*'Thể lệ'!$E$6,'Thể lệ'!$E$6))) -> 10000 | BR13: =if($F13=$G13,if(and($F13=$G13,M13<>N13),'Thể lệ'!$E$6,if($F13=M13,0,0.5*'Thể lệ'!$E$6)),if(and($F13=M13,$G13=N13),"0",if(($F13-$G13)*(M13-N13)>0,0.5*'Thể lệ'!$E$6,'Thể lệ'!$E$6))) -> 0 | BT13: =if($F13=$G13,if(and($F13=$G13,O13<>P13),'Thể lệ'!$E$6,if($F13=O13,0,0.5*'Thể lệ'!$E$6)),if(and($F13=O13,$G13=P13),"0",if(($F13-$G13)*(O13-P13)>0,0.5*'Thể lệ'!$E$6,'Thể lệ'!$E$6))) -> 10000 | BV13: =if($F13=$G13,if(and($F13=$G13,Q13<>R13),'Thể lệ'!$E$6,if($F13=Q13,0,0.5*'Thể lệ'!$E$6)),if(and($F13=Q13,$G13=R13),"0",if(($F13-$G13)*(Q13-R13)>0,0.5*'Thể lệ'!$E$6,'Thể lệ'!$E$6))) -> 10000 | BX13: =if($F13=$G13,if(and($F13=$G13,S13<>T13),'Thể lệ'!$E$6,if($F13=S13,0,0.5*'Thể lệ'!$E$6)),if(and($F13=S13,$G13=T13),"0",if(($F13-$G13)*(S13-T13)>0,0.5*'Thể lệ'!$E$6,'Thể lệ'!$E$6))) -> 10000 | BZ13: =if($F13=$G13,if(and($F13=$G13,U13<>V13),'Thể lệ'!$E$6,if($F13=U13,0,0.5*'Thể lệ'!$E$6)),if(and($F13=U13,$G13=V13),"0",if(($F13-$G13)*(U13-V13)>0,0.5*'Thể lệ'!$E$6,'Thể lệ'!$E$6))) -> 10000 | CB13: =if($F13=$G13,if(and($F13=$G13,W13<>X13),'Thể lệ'!$E$6,if($F13=W13,0,0.5*'Thể lệ'!$E$6)),if(and($F13=W13,$G13=X13),"0",if(($F13-$G13)*(W13-X13)>0,0.5*'Thể lệ'!$E$6,'Thể lệ'!$E$6))) -> 10000 | CD13: =if($F13=$G13,if(and($F13=$G13,Y13<>Z13),'Thể lệ'!$E$6,if($F13=Y13,0,0.5*'Thể lệ'!$E$6)),if(and($F13=Y13,$G13=Z13),"0",if(($F13-$G13)*(Y13-Z13)>0,0.5*'Thể lệ'!$E$6,'Thể lệ'!$E$6))) -> 10000 | CF13: =if($F13=$G13,if(and($F13=$G13,AA13<>AB13),'Thể lệ'!$E$6,if($F13=AA13,0,0.5*'Thể lệ'!$E$6)),if(and($F13=AA13,$G13=AB13),"0",if(($F13-$G13)*(AA13-AB13)>0,0.5*'Thể lệ'!$E$6,'Thể lệ'!$E$6))) -> 0 | CH13: =if($F13=$G13,if(and($F13=$G13,AC13<>AD13),'Thể lệ'!$E$6,if($F13=AC13,0,0.5*'Thể lệ'!$E$6)),if(and($F13=AC13,$G13=AD13),"0",if(($F13-$G13)*(AC13-AD13)>0,0.5*'Thể lệ'!$E$6,'Thể lệ'!$E$6))) -> 0 | CJ13: =if($F13=$G13,if(and($F13=$G13,AE13<>AF13),'Thể lệ'!$E$6,if($F13=AE13,0,0.5*'Thể lệ'!$E$6)),if(and($F13=AE13,$G13=AF13),"0",if(($F13-$G13)*(AE13-AF13)>0,0.5*'Thể lệ'!$E$6,'Thể lệ'!$E$6))) -> 10000 | CL13: =if($F13=$G13,if(and($F13=$G13,AG13<>AH13),'Thể lệ'!$E$6,if($F13=AG13,0,0.5*'Thể lệ'!$E$6)),if(and($F13=AG13,$G13=AH13),"0",if(($F13-$G13)*(AG13-AH13)>0,0.5*'Thể lệ'!$E$6,'Thể lệ'!$E$6))) -> 0 | CN13: =if($F13=$G13,if(and($F13=$G13,AI13<>AJ13),'Thể lệ'!$E$6,if($F13=AI13,0,0.5*'Thể lệ'!$E$6)),if(and($F13=AI13,$G13=AJ13),"0",if(($F13-$G13)*(AI13-AJ13)>0,0.5*'Thể lệ'!$E$6,'Thể lệ'!$E$6))) -> 0 | CP13: =if($F13=$G13,if(and($F13=$G13,AK13<>AL13),'Thể lệ'!$E$6,if($F13=AK13,0,0.5*'Thể lệ'!$E$6)),if(and($F13=AK13,$G13=AL13),"0",if(($F13-$G13)*(AK13-AL13)>0,0.5*'Thể lệ'!$E$6,'Thể lệ'!$E$6))) -> 10000 | CR13: =if($F13=$G13,if(and($F13=$G13,AM13<>AN13),'Thể lệ'!$E$6,if($F13=AM13,0,0.5*'Thể lệ'!$E$6)),if(and($F13=AM13,$G13=AN13),"0",if(($F13-$G13)*(AM13-AN13)>0,0.5*'Thể lệ'!$E$6,'Thể lệ'!$E$6))) -> 0 | CT13: =if($F13=$G13,if(and($F13=$G13,AO13<>AP13),'Thể lệ'!$E$6,if($F13=AO13,0,0.5*'Thể lệ'!$E$6)),if(and($F13=AO13,$G13=AP13),"0",if(($F13-$G13)*(AO13-AP13)>0,0.5*'Thể lệ'!$E$6,'Thể lệ'!$E$6))) -> 10000 | CV13: =if($F13=$G13,if(and($F13=$G13,AQ13<>AR13),'Thể lệ'!$E$6,if($F13=AQ13,0,0.5*'Thể lệ'!$E$6)),if(and($F13=AQ13,$G13=AR13),"0",if(($F13-$G13)*(AQ13-AR13)>0,0.5*'Thể lệ'!$E$6,'Thể lệ'!$E$6))) -> 10000 | CX13: =if($F13=$G13,if(and($F13=$G13,AS13<>AT13),'Thể lệ'!$E$6,if($F13=AS13,0,0.5*'Thể lệ'!$E$6)),if(and($F13=AS13,$G13=AT13),"0",if(($F13-$G13)*(AS13-AT13)>0,0.5*'Thể lệ'!$E$6,'Thể lệ'!$E$6))) -> 5000 | CZ13: =if($F13=$G13,if(and($F13=$G13,AU13<>AV13),'Thể lệ'!$E$6,if($F13=AU13,0,0.5*'Thể lệ'!$E$6)),if(and($F13=AU13,$G13=AV13),"0",if(($F13-$G13)*(AU13-AV13)>0,0.5*'Thể lệ'!$E$6,'Thể lệ'!$E$6))) -> 0 | DB13: =if($F13=$G13,if(and($F13=$G13,AW13<>AX13),'Thể lệ'!$E$6,if($F13=AW13,0,0.5*'Thể lệ'!$E$6)),if(and($F13=AW13,$G13=AX13),"0",if(($F13-$G13)*(AW13-AX13)>0,0.5*'Thể lệ'!$E$6,'Thể lệ'!$E$6))) -> 0 | DD13: =if($F13=$G13,if(and($F13=$G13,AY13<>AZ13),'Thể lệ'!$E$6,if($F13=AY13,0,0.5*'Thể lệ'!$E$6)),if(and($F13=AY13,$G13=AZ13),"0",if(($F13-$G13)*(AY13-AZ13)>0,0.5*'Thể lệ'!$E$6,'Thể lệ'!$E$6))) -> 10000 | DF13: =if($F13=$G13,if(and($F13=$G13,BA13<>BB13),'Thể lệ'!$E$6,if($F13=BA13,0,0.5*'Thể lệ'!$E$6)),if(and($F13=BA13,$G13=BB13),"0",if(($F13-$G13)*(BA13-BB13)>0,0.5*'Thể lệ'!$E$6,'Thể lệ'!$E$6))) -> 10000 | DH13: =if($F13=$G13,if(and($F13=$G13,BC13<>BD13),'Thể lệ'!$E$6,if($F13=BC13,0,0.5*'Thể lệ'!$E$6)),if(and($F13=BC13,$G13=BD13),"0",if(($F13-$G13)*(BC13-BD13)>0,0.5*'Thể lệ'!$E$6,'Thể lệ'!$E$6))) -> 10000 | DJ13: =if($F13=$G13,if(and($F13=$G13,BE13<>BF13),'Thể lệ'!$E$6,if($F13=BE13,0,0.5*'Thể lệ'!$E$6)),if(and($F13=BE13,$G13=BF13),"0",if(($F13-$G13)*(BE13-BF13)>0,0.5*'Thể lệ'!$E$6,'Thể lệ'!$E$6))) -> 10000 | DL13: =if($F13=$G13,if(and($F13=$G13,BG13<>BH13),'Thể lệ'!$E$6,if($F13=BG13,0,0.5*'Thể lệ'!$E$6)),if(and($F13=BG13,$G13=BH13),"0",if(($F13-$G13)*(BG13-BH13)>0,0.5*'Thể lệ'!$E$6,'Thể lệ'!$E$6))) -> 0 | DN13: =if($F13=$G13,if(and($F13=$G13,BI13<>BJ13),'Thể lệ'!$E$6,if($F13=BI13,0,0.5*'Thể lệ'!$E$6)),if(and($F13=BI13,$G13=BJ13),"0",if(($F13-$G13)*(BI13-BJ13)>0,0.5*'Thể lệ'!$E$6,'Thể lệ'!$E$6))) -> 10000
B14: 8 | C14: 46187.458 | D14: 46187.458 | E14: Australia | H14: Turkey | K14: 2 | L14: 2 | O14: 1 | P14: 1 | Q14: =AE14 -> 0 | R14: =AF14 -> 2 | S14: 1 | T14: 1 | U14: 1 | V14: 2 | W14: 1 | X14: 2 | Y14: 1 | Z14: 2 | AE14: 0 | AF14: 2 | AK14: 0 | AL14: 0 | AO14: 2 | AP14: 2 | AQ14: =BE14 -> 1 | AR14: =BF14 -> 2 | AS14: 1 | AT14: 1 | AY14: 1 | AZ14: 2 | BA14: 1 | BB14: 1 | BC14: 1 | BD14: 2 | BE14: 1 | BF14: 2 | BI14: =H.Son!H14 -> 1 | BJ14: =H.Son!I14 -> 1 | BN14: =if($F14=$G14,if(and($F14=$G14,I14<>J14),'Thể lệ'!$E$6,if($F14=I14,0,0.5*'Thể lệ'!$E$6)),if(and($F14=I14,$G14=J14),"0",if(($F14-$G14)*(I14-J14)>0,0.5*'Thể lệ'!$E$6,'Thể lệ'!$E$6))) -> 0 | BP14: =if($F14=$G14,if(and($F14=$G14,K14<>L14),'Thể lệ'!$E$6,if($F14=K14,0,0.5*'Thể lệ'!$E$6)),if(and($F14=K14,$G14=L14),"0",if(($F14-$G14)*(K14-L14)>0,0.5*'Thể lệ'!$E$6,'Thể lệ'!$E$6))) -> 5000 | BR14: =if($F14=$G14,if(and($F14=$G14,M14<>N14),'Thể lệ'!$E$6,if($F14=M14,0,0.5*'Thể lệ'!$E$6)),if(and($F14=M14,$G14=N14),"0",if(($F14-$G14)*(M14-N14)>0,0.5*'Thể lệ'!$E$6,'Thể lệ'!$E$6))) -> 0 | BT14: =if($F14=$G14,if(and($F14=$G14,O14<>P14),'Thể lệ'!$E$6,if($F14=O14,0,0.5*'Thể lệ'!$E$6)),if(and($F14=O14,$G14=P14),"0",if(($F14-$G14)*(O14-P14)>0,0.5*'Thể lệ'!$E$6,'Thể lệ'!$E$6))) -> 5000 | BV14: =if($F14=$G14,if(and($F14=$G14,Q14<>R14),'Thể lệ'!$E$6,if($F14=Q14,0,0.5*'Thể lệ'!$E$6)),if(and($F14=Q14,$G14=R14),"0",if(($F14-$G14)*(Q14-R14)>0,0.5*'Thể lệ'!$E$6,'Thể lệ'!$E$6))) -> 10000 | BX14: =if($F14=$G14,if(and($F14=$G14,S14<>T14),'Thể lệ'!$E$6,if($F14=S14,0,0.5*'Thể lệ'!$E$6)),if(and($F14=S14,$G14=T14),"0",if(($F14-$G14)*(S14-T14)>0,0.5*'Thể lệ'!$E$6,'Thể lệ'!$E$6))) -> 5000 | BZ14: =if($F14=$G14,if(and($F14=$G14,U14<>V14),'Thể lệ'!$E$6,if($F14=U14,0,0.5*'Thể lệ'!$E$6)),if(and($F14=U14,$G14=V14),"0",if(($F14-$G14)*(U14-V14)>0,0.5*'Thể lệ'!$E$6,'Thể lệ'!$E$6))) -> 10000 | CB14: =if($F14=$G14,if(and($F14=$G14,W14<>X14),'Thể lệ'!$E$6,if($F14=W14,0,0.5*'Thể lệ'!$E$6)),if(and($F14=W14,$G14=X14),"0",if(($F14-$G14)*(W14-X14)>0,0.5*'Thể lệ'!$E$6,'Thể lệ'!$E$6))) -> 10000 | CD14: =if($F14=$G14,if(and($F14=$G14,Y14<>Z14),'Thể lệ'!$E$6,if($F14=Y14,0,0.5*'Thể lệ'!$E$6)),if(and($F14=Y14,$G14=Z14),"0",if(($F14-$G14)*(Y14-Z14)>0,0.5*'Thể lệ'!$E$6,'Thể lệ'!$E$6))) -> 10000 | CF14: =if($F14=$G14,if(and($F14=$G14,AA14<>AB14),'Thể lệ'!$E$6,if($F14=AA14,0,0.5*'Thể lệ'!$E$6)),if(and($F14=AA14,$G14=AB14),"0",if(($F14-$G14)*(AA14-AB14)>0,0.5*'Thể lệ'!$E$6,'Thể lệ'!$E$6))) -> 0 | CH14: =if($F14=$G14,if(and($F14=$G14,AC14<>AD14),'Thể lệ'!$E$6,if($F14=AC14,0,0.5*'Thể lệ'!$E$6)),if(and($F14=AC14,$G14=AD14),"0",if(($F14-$G14)*(AC14-AD14)>0,0.5*'Thể lệ'!$E$6,'Thể lệ'!$E$6))) -> 0 | CJ14: =if($F14=$G14,if(and($F14=$G14,AE14<>AF14),'Thể lệ'!$E$6,if($F14=AE14,0,0.5*'Thể lệ'!$E$6)),if(and($F14=AE14,$G14=AF14),"0",if(($F14-$G14)*(AE14-AF14)>0,0.5*'Thể lệ'!$E$6,'Thể lệ'!$E$6))) -> 10000 | CL14: =if($F14=$G14,if(and($F14=$G14,AG14<>AH14),'Thể lệ'!$E$6,if($F14=AG14,0,0.5*'Thể lệ'!$E$6)),if(and($F14=AG14,$G14=AH14),"0",if(($F14-$G14)*(AG14-AH14)>0,0.5*'Thể lệ'!$E$6,'Thể lệ'!$E$6))) -> 0 | CN14: =if($F14=$G14,if(and($F14=$G14,AI14<>AJ14),'Thể lệ'!$E$6,if($F14=AI14,0,0.5*'Thể lệ'!$E$6)),if(and($F14=AI14,$G14=AJ14),"0",if(($F14-$G14)*(AI14-AJ14)>0,0.5*'Thể lệ'!$E$6,'Thể lệ'!$E$6))) -> 0 | CP14: =if($F14=$G14,if(and($F14=$G14,AK14<>AL14),'Thể lệ'!$E$6,if($F14=AK14,0,0.5*'Thể lệ'!$E$6)),if(and($F14=AK14,$G14=AL14),"0",if(($F14-$G14)*(AK14-AL14)>0,0.5*'Thể lệ'!$E$6,'Thể lệ'!$E$6))) -> 0 | CR14: =if($F14=$G14,if(and($F14=$G14,AM14<>AN14),'Thể lệ'!$E$6,if($F14=AM14,0,0.5*'Thể lệ'!$E$6)),if(and($F14=AM14,$G14=AN14),"0",if(($F14-$G14)*(AM14-AN14)>0,0.5*'Thể lệ'!$E$6,'Thể lệ'!$E$6))) -> 0 | CT14: =if($F14=$G14,if(and($F14=$G14,AO14<>AP14),'Thể lệ'!$E$6,if($F14=AO14,0,0.5*'Thể lệ'!$E$6)),if(and($F14=AO14,$G14=AP14),"0",if(($F14-$G14)*(AO14-AP14)>0,0.5*'Thể lệ'!$E$6,'Thể lệ'!$E$6))) -> 5000 | CV14: =if($F14=$G14,if(and($F14=$G14,AQ14<>AR14),'Thể lệ'!$E$6,if($F14=AQ14,0,0.5*'Thể lệ'!$E$6)),if(and($F14=AQ14,$G14=AR14),"0",if(($F14-$G14)*(AQ14-AR14)>0,0.5*'Thể lệ'!$E$6,'Thể lệ'!$E$6))) -> 10000 | CX14: =if($F14=$G14,if(and($F14=$G14,AS14<>AT14),'Thể lệ'!$E$6,if($F14=AS14,0,0.5*'Thể lệ'!$E$6)),if(and($F14=AS14,$G14=AT14),"0",if(($F14-$G14)*(AS14-AT14)>0,0.5*'Thể lệ'!$E$6,'Thể lệ'!$E$6))) -> 5000 | CZ14: =if($F14=$G14,if(and($F14=$G14,AU14<>AV14),'Thể lệ'!$E$6,if($F14=AU14,0,0.5*'Thể lệ'!$E$6)),if(and($F14=AU14,$G14=AV14),"0",if(($F14-$G14)*(AU14-AV14)>0,0.5*'Thể lệ'!$E$6,'Thể lệ'!$E$6))) -> 0 | DB14: =if($F14=$G14,if(and($F14=$G14,AW14<>AX14),'Thể lệ'!$E$6,if($F14=AW14,0,0.5*'Thể lệ'!$E$6)),if(and($F14=AW14,$G14=AX14),"0",if(($F14-$G14)*(AW14-AX14)>0,0.5*'Thể lệ'!$E$6,'Thể lệ'!$E$6))) -> 0 | DD14: =if($F14=$G14,if(and($F14=$G14,AY14<>AZ14),'Thể lệ'!$E$6,if($F14=AY14,0,0.5*'Thể lệ'!$E$6)),if(and($F14=AY14,$G14=AZ14),"0",if(($F14-$G14)*(AY14-AZ14)>0,0.5*'Thể lệ'!$E$6,'Thể lệ'!$E$6))) -> 10000 | DF14: =if($F14=$G14,if(and($F14=$G14,BA14<>BB14),'Thể lệ'!$E$6,if($F14=BA14,0,0.5*'Thể lệ'!$E$6)),if(and($F14=BA14,$G14=BB14),"0",if(($F14-$G14)*(BA14-BB14)>0,0.5*'Thể lệ'!$E$6,'Thể lệ'!$E$6))) -> 5000 | DH14: =if($F14=$G14,if(and($F14=$G14,BC14<>BD14),'Thể lệ'!$E$6,if($F14=BC14,0,0.5*'Thể lệ'!$E$6)),if(and($F14=BC14,$G14=BD14),"0",if(($F14-$G14)*(BC14-BD14)>0,0.5*'Thể lệ'!$E$6,'Thể lệ'!$E$6))) -> 10000 | DJ14: =if($F14=$G14,if(and($F14=$G14,BE14<>BF14),'Thể lệ'!$E$6,if($F14=BE14,0,0.5*'Thể lệ'!$E$6)),if(and($F14=BE14,$G14=BF14),"0",if(($F14-$G14)*(BE14-BF14)>0,0.5*'Thể lệ'!$E$6,'Thể lệ'!$E$6))) -> 10000 | DL14: =if($F14=$G14,if(and($F14=$G14,BG14<>BH14),'Thể lệ'!$E$6,if($F14=BG14,0,0.5*'Thể lệ'!$E$6)),if(and($F14=BG14,$G14=BH14),"0",if(($F14-$G14)*(BG14-BH14)>0,0.5*'Thể lệ'!$E$6,'Thể lệ'!$E$6))) -> 0 | DN14: =if($F14=$G14,if(and($F14=$G14,BI14<>BJ14),'Thể lệ'!$E$6,if($F14=BI14,0,0.5*'Thể lệ'!$E$6)),if(and($F14=BI14,$G14=BJ14),"0",if(($F14-$G14)*(BI14-BJ14)>0,0.5*'Thể lệ'!$E$6,'Thể lệ'!$E$6))) -> 5000
B15: 9 | C15: 46188 | D15: 46188 | E15: Germany | H15: Curaçao | K15: 3 | L15: 0 | O15: 4 | P15: 0 | Q15: =AE15 -> 2 | R15: =AF15 -> 0 | S15: 4 | T15: 0 | U15: 2 | V15: 0 | W15: 2 | X15: 0 | Y15: 3 | Z15: 0 | AE15: 2 | AF15: 0 | AK15: 2 | AL15: 0 | AO15: 2 | AP15: 0 | AQ15: =BE15 -> 2 | AR15: =BF15 -> 0 | AS15: 3 | AT15: 0 | BA15: 3 | BB15: 0 | BC15: 5 | BD15: 0 | BE15: 2 | BF15: 0 | BI15: =H.Son!H15 -> 4 | BJ15: =H.Son!I15 -> 0 | BN15: =if($F15=$G15,if(and($F15=$G15,I15<>J15),'Thể lệ'!$E$6,if($F15=I15,0,0.5*'Thể lệ'!$E$6)),if(and($F15=I15,$G15=J15),"0",if(($F15-$G15)*(I15-J15)>0,0.5*'Thể lệ'!$E$6,'Thể lệ'!$E$6))) -> 0 | BP15: =if($F15=$G15,if(and($F15=$G15,K15<>L15),'Thể lệ'!$E$6,if($F15=K15,0,0.5*'Thể lệ'!$E$6)),if(and($F15=K15,$G15=L15),"0",if(($F15-$G15)*(K15-L15)>0,0.5*'Thể lệ'!$E$6,'Thể lệ'!$E$6))) -> 10000 | BR15: =if($F15=$G15,if(and($F15=$G15,M15<>N15),'Thể lệ'!$E$6,if($F15=M15,0,0.5*'Thể lệ'!$E$6)),if(and($F15=M15,$G15=N15),"0",if(($F15-$G15)*(M15-N15)>0,0.5*'Thể lệ'!$E$6,'Thể lệ'!$E$6))) -> 0 | BT15: =if($F15=$G15,if(and($F15=$G15,O15<>P15),'Thể lệ'!$E$6,if($F15=O15,0,0.5*'Thể lệ'!$E$6)),if(and($F15=O15,$G15=P15),"0",if(($F15-$G15)*(O15-P15)>0,0.5*'Thể lệ'!$E$6,'Thể lệ'!$E$6))) -> 10000 | BV15: =if($F15=$G15,if(and($F15=$G15,Q15<>R15),'Thể lệ'!$E$6,if($F15=Q15,0,0.5*'Thể lệ'!$E$6)),if(and($F15=Q15,$G15=R15),"0",if(($F15-$G15)*(Q15-R15)>0,0.5*'Thể lệ'!$E$6,'Thể lệ'!$E$6))) -> 10000 | BX15: =if($F15=$G15,if(and($F15=$G15,S15<>T15),'Thể lệ'!$E$6,if($F15=S15,0,0.5*'Thể lệ'!$E$6)),if(and($F15=S15,$G15=T15),"0",if(($F15-$G15)*(S15-T15)>0,0.5*'Thể lệ'!$E$6,'Thể lệ'!$E$6))) -> 10000 | BZ15: =if($F15=$G15,if(and($F15=$G15,U15<>V15),'Thể lệ'!$E$6,if($F15=U15,0,0.5*'Thể lệ'!$E$6)),if(and($F15=U15,$G15=V15),"0",if(($F15-$G15)*(U15-V15)>0,0.5*'Thể lệ'!$E$6,'Thể lệ'!$E$6))) -> 10000 | CB15: =if($F15=$G15,if(and($F15=$G15,W15<>X15),'Thể lệ'!$E$6,if($F15=W15,0,0.5*'Thể lệ'!$E$6)),if(and($F15=W15,$G15=X15),"0",if(($F15-$G15)*(W15-X15)>0,0.5*'Thể lệ'!$E$6,'Thể lệ'!$E$6))) -> 10000 | CD15: =if($F15=$G15,if(and($F15=$G15,Y15<>Z15),'Thể lệ'!$E$6,if($F15=Y15,0,0.5*'Thể lệ'!$E$6)),if(and($F15=Y15,$G15=Z15),"0",if(($F15-$G15)*(Y15-Z15)>0,0.5*'Thể lệ'!$E$6,'Thể lệ'!$E$6))) -> 10000 | CF15: =if($F15=$G15,if(and($F15=$G15,AA15<>AB15),'Thể lệ'!$E$6,if($F15=AA15,0,0.5*'Thể lệ'!$E$6)),if(and($F15=AA15,$G15=AB15),"0",if(($F15-$G15)*(AA15-AB15)>0,0.5*'Thể lệ'!$E$6,'Thể lệ'!$E$6))) -> 0 | CH15: =if($F15=$G15,if(and($F15=$G15,AC15<>AD15),'Thể lệ'!$E$6,if($F15=AC15,0,0.5*'Thể lệ'!$E$6)),if(and($F15=AC15,$G15=AD15),"0",if(($F15-$G15)*(AC15-AD15)>0,0.5*'Thể lệ'!$E$6,'Thể lệ'!$E$6))) -> 0 | CJ15: =if($F15=$G15,if(and($F15=$G15,AE15<>AF15),'Thể lệ'!$E$6,if($F15=AE15,0,0.5*'Thể lệ'!$E$6)),if(and($F15=AE15,$G15=AF15),"0",if(($F15-$G15)*(AE15-AF15)>0,0.5*'Thể lệ'!$E$6,'Thể lệ'!$E$6))) -> 10000 | CL15: =if($F15=$G15,if(and($F15=$G15,AG15<>AH15),'Thể lệ'!$E$6,if($F15=AG15,0,0.5*'Thể lệ'!$E$6)),if(and($F15=AG15,$G15=AH15),"0",if(($F15-$G15)*(AG15-AH15)>0,0.5*'Thể lệ'!$E$6,'Thể lệ'!$E$6))) -> 0 | CN15: =if($F15=$G15,if(and($F15=$G15,AI15<>AJ15),'Thể lệ'!$E$6,if($F15=AI15,0,0.5*'Thể lệ'!$E$6)),if(and($F15=AI15,$G15=AJ15),"0",if(($F15-$G15)*(AI15-AJ15)>0,0.5*'Thể lệ'!$E$6,'Thể lệ'!$E$6))) -> 0 | CP15: =if($F15=$G15,if(and($F15=$G15,AK15<>AL15),'Thể lệ'!$E$6,if($F15=AK15,0,0.5*'Thể lệ'!$E$6)),if(and($F15=AK15,$G15=AL15),"0",if(($F15-$G15)*(AK15-AL15)>0,0.5*'Thể lệ'!$E$6,'Thể lệ'!$E$6))) -> 10000 | CR15: =if($F15=$G15,if(and($F15=$G15,AM15<>AN15),'Thể lệ'!$E$6,if($F15=AM15,0,0.5*'Thể lệ'!$E$6)),if(and($F15=AM15,$G15=AN15),"0",if(($F15-$G15)*(AM15-AN15)>0,0.5*'Thể lệ'!$E$6,'Thể lệ'!$E$6))) -> 0 | CT15: =if($F15=$G15,if(and($F15=$G15,AO15<>AP15),'Thể lệ'!$E$6,if($F15=AO15,0,0.5*'Thể lệ'!$E$6)),if(and($F15=AO15,$G15=AP15),"0",if(($F15-$G15)*(AO15-AP15)>0,0.5*'Thể lệ'!$E$6,'Thể lệ'!$E$6))) -> 10000 | CV15: =if($F15=$G15,if(and($F15=$G15,AQ15<>AR15),'Thể lệ'!$E$6,if($F15=AQ15,0,0.5*'Thể lệ'!$E$6)),if(and($F15=AQ15,$G15=AR15),"0",if(($F15-$G15)*(AQ15-AR15)>0,0.5*'Thể lệ'!$E$6,'Thể lệ'!$E$6))) -> 10000 | CX15: =if($F15=$G15,if(and($F15=$G15,AS15<>AT15),'Thể lệ'!$E$6,if($F15=AS15,0,0.5*'Thể lệ'!$E$6)),if(and($F15=AS15,$G15=AT15),"0",if(($F15-$G15)*(AS15-AT15)>0,0.5*'Thể lệ'!$E$6,'Thể lệ'!$E$6))) -> 10000 | CZ15: =if($F15=$G15,if(and($F15=$G15,AU15<>AV15),'Thể lệ'!$E$6,if($F15=AU15,0,0.5*'Thể lệ'!$E$6)),if(and($F15=AU15,$G15=AV15),"0",if(($F15-$G15)*(AU15-AV15)>0,0.5*'Thể lệ'!$E$6,'Thể lệ'!$E$6))) -> 0 | DB15: =if($F15=$G15,if(and($F15=$G15,AW15<>AX15),'Thể lệ'!$E$6,if($F15=AW15,0,0.5*'Thể lệ'!$E$6)),if(and($F15=AW15,$G15=AX15),"0",if(($F15-$G15)*(AW15-AX15)>0,0.5*'Thể lệ'!$E$6,'Thể lệ'!$E$6))) -> 0 | DD15: =if($F15=$G15,if(and($F15=$G15,AY15<>AZ15),'Thể lệ'!$E$6,if($F15=AY15,0,0.5*'Thể lệ'!$E$6)),if(and($F15=AY15,$G15=AZ15),"0",if(($F15-$G15)*(AY15-AZ15)>0,0.5*'Thể lệ'!$E$6,'Thể lệ'!$E$6))) -> 0 | DF15: =if($F15=$G15,if(and($F15=$G15,BA15<>BB15),'Thể lệ'!$E$6,if($F15=BA15,0,0.5*'Thể lệ'!$E$6)),if(and($F15=BA15,$G15=BB15),"0",if(($F15-$G15)*(BA15-BB15)>0,0.5*'Thể lệ'!$E$6,'Thể lệ'!$E$6))) -> 10000 | DH15: =if($F15=$G15,if(and($F15=$G15,BC15<>BD15),'Thể lệ'!$E$6,if($F15=BC15,0,0.5*'Thể lệ'!$E$6)),if(and($F15=BC15,$G15=BD15),"0",if(($F15-$G15)*(BC15-BD15)>0,0.5*'Thể lệ'!$E$6,'Thể lệ'!$E$6))) -> 10000 | DJ15: =if($F15=$G15,if(and($F15=$G15,BE15<>BF15),'Thể lệ'!$E$6,if($F15=BE15,0,0.5*'Thể lệ'!$E$6)),if(and($F15=BE15,$G15=BF15),"0",if(($F15-$G15)*(BE15-BF15)>0,0.5*'Thể lệ'!$E$6,'Thể lệ'!$E$6))) -> 10000 | DL15: =if($F15=$G15,if(and($F15=$G15,BG15<>BH15),'Thể lệ'!$E$6,if($F15=BG15,0,0.5*'Thể lệ'!$E$6)),if(and($F15=BG15,$G15=BH15),"0",if(($F15-$G15)*(BG15-BH15)>0,0.5*'Thể lệ'!$E$6,'Thể lệ'!$E$6))) -> 0 | DN15: =if($F15=$G15,if(and($F15=$G15,BI15<>BJ15),'Thể lệ'!$E$6,if($F15=BI15,0,0.5*'Thể lệ'!$E$6)),if(and($F15=BI15,$G15=BJ15),"0",if(($F15-$G15)*(BI15-BJ15)>0,0.5*'Thể lệ'!$E$6,'Thể lệ'!$E$6))) -> 10000
B16: 10 | C16: 46188.125 | D16: 46188.125 | E16: Netherlands | H16: Japan | K16: 1 | L16: 3 | O16: 1 | P16: 1 | Q16: =AE16 -> 2 | R16: =AF16 -> 2 | S16: 2 | T16: 1 | U16: 2 | V16: 2 | W16: 2 | X16: 2 | Y16: 2 | Z16: 2 | AE16: 2 | AF16: 2 | AK16: 2 | AL16: 2 | AO16: 2 | AP16: 2 | AQ16: 1 | AR16: 2 | AS16: 2 | AT16: 0 | BA16: 1 | BB16: 1 | BC16: 2 | BD16: 1 | BE16: 2 | BF16: 1 | BI16: =H.Son!H16 -> 2 | BJ16: =H.Son!I16 -> 1 | BN16: =if($F16=$G16,if(and($F16=$G16,I16<>J16),'Thể lệ'!$E$6,if($F16=I16,0,0.5*'Thể lệ'!$E$6)),if(and($F16=I16,$G16=J16),"0",if(($F16-$G16)*(I16-J16)>0,0.5*'Thể lệ'!$E$6,'Thể lệ'!$E$6))) -> 0 | BP16: =if($F16=$G16,if(and($F16=$G16,K16<>L16),'Thể lệ'!$E$6,if($F16=K16,0,0.5*'Thể lệ'!$E$6)),if(and($F16=K16,$G16=L16),"0",if(($F16-$G16)*(K16-L16)>0,0.5*'Thể lệ'!$E$6,'Thể lệ'!$E$6))) -> 10000 | BR16: =if($F16=$G16,if(and($F16=$G16,M16<>N16),'Thể lệ'!$E$6,if($F16=M16,0,0.5*'Thể lệ'!$E$6)),if(and($F16=M16,$G16=N16),"0",if(($F16-$G16)*(M16-N16)>0,0.5*'Thể lệ'!$E$6,'Thể lệ'!$E$6))) -> 0 | BT16: =if($F16=$G16,if(and($F16=$G16,O16<>P16),'Thể lệ'!$E$6,if($F16=O16,0,0.5*'Thể lệ'!$E$6)),if(and($F16=O16,$G16=P16),"0",if(($F16-$G16)*(O16-P16)>0,0.5*'Thể lệ'!$E$6,'Thể lệ'!$E$6))) -> 5000 | BV16: =if($F16=$G16,if(and($F16=$G16,Q16<>R16),'Thể lệ'!$E$6,if($F16=Q16,0,0.5*'Thể lệ'!$E$6)),if(and($F16=Q16,$G16=R16),"0",if(($F16-$G16)*(Q16-R16)>0,0.5*'Thể lệ'!$E$6,'Thể lệ'!$E$6))) -> 5000 | BX16: =if($F16=$G16,if(and($F16=$G16,S16<>T16),'Thể lệ'!$E$6,if($F16=S16,0,0.5*'Thể lệ'!$E$6)),if(and($F16=S16,$G16=T16),"0",if(($F16-$G16)*(S16-T16)>0,0.5*'Thể lệ'!$E$6,'Thể lệ'!$E$6))) -> 10000 | BZ16: =if($F16=$G16,if(and($F16=$G16,U16<>V16),'Thể lệ'!$E$6,if($F16=U16,0,0.5*'Thể lệ'!$E$6)),if(and($F16=U16,$G16=V16),"0",if(($F16-$G16)*(U16-V16)>0,0.5*'Thể lệ'!$E$6,'Thể lệ'!$E$6))) -> 5000 | CB16: =if($F16=$G16,if(and($F16=$G16,W16<>X16),'Thể lệ'!$E$6,if($F16=W16,0,0.5*'Thể lệ'!$E$6)),if(and($F16=W16,$G16=X16),"0",if(($F16-$G16)*(W16-X16)>0,0.5*'Thể lệ'!$E$6,'Thể lệ'!$E$6))) -> 5000 | CD16: =if($F16=$G16,if(and($F16=$G16,Y16<>Z16),'Thể lệ'!$E$6,if($F16=Y16,0,0.5*'Thể lệ'!$E$6)),if(and($F16=Y16,$G16=Z16),"0",if(($F16-$G16)*(Y16-Z16)>0,0.5*'Thể lệ'!$E$6,'Thể lệ'!$E$6))) -> 5000 | CF16: =if($F16=$G16,if(and($F16=$G16,AA16<>AB16),'Thể lệ'!$E$6,if($F16=AA16,0,0.5*'Thể lệ'!$E$6)),if(and($F16=AA16,$G16=AB16),"0",if(($F16-$G16)*(AA16-AB16)>0,0.5*'Thể lệ'!$E$6,'Thể lệ'!$E$6))) -> 0 | CH16: =if($F16=$G16,if(and($F16=$G16,AC16<>AD16),'Thể lệ'!$E$6,if($F16=AC16,0,0.5*'Thể lệ'!$E$6)),if(and($F16=AC16,$G16=AD16),"0",if(($F16-$G16)*(AC16-AD16)>0,0.5*'Thể lệ'!$E$6,'Thể lệ'!$E$6))) -> 0 | CJ16: =if($F16=$G16,if(and($F16=$G16,AE16<>AF16),'Thể lệ'!$E$6,if($F16=AE16,0,0.5*'Thể lệ'!$E$6)),if(and($F16=AE16,$G16=AF16),"0",if(($F16-$G16)*(AE16-AF16)>0,0.5*'Thể lệ'!$E$6,'Thể lệ'!$E$6))) -> 5000 | CL16: =if($F16=$G16,if(and($F16=$G16,AG16<>AH16),'Thể lệ'!$E$6,if($F16=AG16,0,0.5*'Thể lệ'!$E$6)),if(and($F16=AG16,$G16=AH16),"0",if(($F16-$G16)*(AG16-AH16)>0,0.5*'Thể lệ'!$E$6,'Thể lệ'!$E$6))) -> 0 | CN16: =if($F16=$G16,if(and($F16=$G16,AI16<>AJ16),'Thể lệ'!$E$6,if($F16=AI16,0,0.5*'Thể lệ'!$E$6)),if(and($F16=AI16,$G16=AJ16),"0",if(($F16-$G16)*(AI16-AJ16)>0,0.5*'Thể lệ'!$E$6,'Thể lệ'!$E$6))) -> 0 | CP16: =if($F16=$G16,if(and($F16=$G16,AK16<>AL16),'Thể lệ'!$E$6,if($F16=AK16,0,0.5*'Thể lệ'!$E$6)),if(and($F16=AK16,$G16=AL16),"0",if(($F16-$G16)*(AK16-AL16)>0,0.5*'Thể lệ'!$E$6,'Thể lệ'!$E$6))) -> 5000 | CR16: =if($F16=$G16,if(and($F16=$G16,AM16<>AN16),'Thể lệ'!$E$6,if($F16=AM16,0,0.5*'Thể lệ'!$E$6)),if(and($F16=AM16,$G16=AN16),"0",if(($F16-$G16)*(AM16-AN16)>0,0.5*'Thể lệ'!$E$6,'Thể lệ'!$E$6))) -> 0 | CT16: =if($F16=$G16,if(and($F16=$G16,AO16<>AP16),'Thể lệ'!$E$6,if($F16=AO16,0,0.5*'Thể lệ'!$E$6)),if(and($F16=AO16,$G16=AP16),"0",if(($F16-$G16)*(AO16-AP16)>0,0.5*'Thể lệ'!$E$6,'Thể lệ'!$E$6))) -> 5000 | CV16: =if($F16=$G16,if(and($F16=$G16,AQ16<>AR16),'Thể lệ'!$E$6,if($F16=AQ16,0,0.5*'Thể lệ'!$E$6)),if(and($F16=AQ16,$G16=AR16),"0",if(($F16-$G16)*(AQ16-AR16)>0,0.5*'Thể lệ'!$E$6,'Thể lệ'!$E$6))) -> 10000 | CX16: =if($F16=$G16,if(and($F16=$G16,AS16<>AT16),'Thể lệ'!$E$6,if($F16=AS16,0,0.5*'Thể lệ'!$E$6)),if(and($F16=AS16,$G16=AT16),"0",if(($F16-$G16)*(AS16-AT16)>0,0.5*'Thể lệ'!$E$6,'Thể lệ'!$E$6))) -> 10000 | CZ16: =if($F16=$G16,if(and($F16=$G16,AU16<>AV16),'Thể lệ'!$E$6,if($F16=AU16,0,0.5*'Thể lệ'!$E$6)),if(and($F16=AU16,$G16=AV16),"0",if(($F16-$G16)*(AU16-AV16)>0,0.5*'Thể lệ'!$E$6,'Thể lệ'!$E$6))) -> 0 | DB16: =if($F16=$G16,if(and($F16=$G16,AW16<>AX16),'Thể lệ'!$E$6,if($F16=AW16,0,0.5*'Thể lệ'!$E$6)),if(and($F16=AW16,$G16=AX16),"0",if(($F16-$G16)*(AW16-AX16)>0,0.5*'Thể lệ'!$E$6,'Thể lệ'!$E$6))) -> 0 | DD16: =if($F16=$G16,if(and($F16=$G16,AY16<>AZ16),'Thể lệ'!$E$6,if($F16=AY16,0,0.5*'Thể lệ'!$E$6)),if(and($F16=AY16,$G16=AZ16),"0",if(($F16-$G16)*(AY16-AZ16)>0,0.5*'Thể lệ'!$E$6,'Thể lệ'!$E$6))) -> 0 | DF16: =if($F16=$G16,if(and($F16=$G16,BA16<>BB16),'Thể lệ'!$E$6,if($F16=BA16,0,0.5*'Thể lệ'!$E$6)),if(and($F16=BA16,$G16=BB16),"0",if(($F16-$G16)*(BA16-BB16)>0,0.5*'Thể lệ'!$E$6,'Thể lệ'!$E$6))) -> 5000 | DH16: =if($F16=$G16,if(and($F16=$G16,BC16<>BD16),'Thể lệ'!$E$6,if($F16=BC16,0,0.5*'Thể lệ'!$E$6)),if(and($F16=BC16,$G16=BD16),"0",if(($F16-$G16)*(BC16-BD16)>0,0.5*'Thể lệ'!$E$6,'Thể lệ'!$E$6))) -> 10000 | DJ16: =if($F16=$G16,if(and($F16=$G16,BE16<>BF16),'Thể lệ'!$E$6,if($F16=BE16,0,0.5*'Thể lệ'!$E$6)),if(and($F16=BE16,$G16=BF16),"0",if(($F16-$G16)*(BE16-BF16)>0,0.5*'Thể lệ'!$E$6,'Thể lệ'!$E$6))) -> 10000 | DL16: =if($F16=$G16,if(and($F16=$G16,BG16<>BH16),'Thể lệ'!$E$6,if($F16=BG16,0,0.5*'Thể lệ'!$E$6)),if(and($F16=BG16,$G16=BH16),"0",if(($F16-$G16)*(BG16-BH16)>0,0.5*'Thể lệ'!$E$6,'Thể lệ'!$E$6))) -> 0 | DN16: =if($F16=$G16,if(and($F16=$G16,BI16<>BJ16),'Thể lệ'!$E$6,if($F16=BI16,0,0.5*'Thể lệ'!$E$6)),if(and($F16=BI16,$G16=BJ16),"0",if(($F16-$G16)*(BI16-BJ16)>0,0.5*'Thể lệ'!$E$6,'Thể lệ'!$E$6))) -> 10000
B17: 11 | C17: 46188.25 | D17: 46188.25 | E17: Ivory Coast | H17: Ecuador | K17: 1 | L17: 3 | O17: 1 | P17: 2 | Q17: =AE17 -> 1 | R17: =AF17 -> 2 | S17: 1 | T17: 1 | U17: 1 | V17: 2 | W17: 1 | X17: 2 | Y17: 1 | Z17: 1 | AE17: 1 | AF17: 2 | AK17: 0 | AL17: 1 | AO17: 2 | AP17: 1 | AQ17: =BE17 -> 1 | AR17: =BF17 -> 1 | AS17: 1 | AT17: 1 | BA17: 1 | BB17: 2 | BC17: 1 | BD17: 1 | BE17: 1 | BF17: 1 | BI17: =H.Son!H17 -> 1 | BJ17: =H.Son!I17 -> 1 | BN17: =if($F17=$G17,if(and($F17=$G17,I17<>J17),'Thể lệ'!$E$6,if($F17=I17,0,0.5*'Thể lệ'!$E$6)),if(and($F17=I17,$G17=J17),"0",if(($F17-$G17)*(I17-J17)>0,0.5*'Thể lệ'!$E$6,'Thể lệ'!$E$6))) -> 0 | BP17: =if($F17=$G17,if(and($F17=$G17,K17<>L17),'Thể lệ'!$E$6,if($F17=K17,0,0.5*'Thể lệ'!$E$6)),if(and($F17=K17,$G17=L17),"0",if(($F17-$G17)*(K17-L17)>0,0.5*'Thể lệ'!$E$6,'Thể lệ'!$E$6))) -> 10000 | BR17: =if($F17=$G17,if(and($F17=$G17,M17<>N17),'Thể lệ'!$E$6,if($F17=M17,0,0.5*'Thể lệ'!$E$6)),if(and($F17=M17,$G17=N17),"0",if(($F17-$G17)*(M17-N17)>0,0.5*'Thể lệ'!$E$6,'Thể lệ'!$E$6))) -> 0 | BT17: =if($F17=$G17,if(and($F17=$G17,O17<>P17),'Thể lệ'!$E$6,if($F17=O17,0,0.5*'Thể lệ'!$E$6)),if(and($F17=O17,$G17=P17),"0",if(($F17-$G17)*(O17-P17)>0,0.5*'Thể lệ'!$E$6,'Thể lệ'!$E$6))) -> 10000 | BV17: =if($F17=$G17,if(and($F17=$G17,Q17<>R17),'Thể lệ'!$E$6,if($F17=Q17,0,0.5*'Thể lệ'!$E$6)),if(and($F17=Q17,$G17=R17),"0",if(($F17-$G17)*(Q17-R17)>0,0.5*'Thể lệ'!$E$6,'Thể lệ'!$E$6))) -> 10000 | BX17: =if($F17=$G17,if(and($F17=$G17,S17<>T17),'Thể lệ'!$E$6,if($F17=S17,0,0.5*'Thể lệ'!$E$6)),if(and($F17=S17,$G17=T17),"0",if(($F17-$G17)*(S17-T17)>0,0.5*'Thể lệ'!$E$6,'Thể lệ'!$E$6))) -> 5000 | BZ17: =if($F17=$G17,if(and($F17=$G17,U17<>V17),'Thể lệ'!$E$6,if($F17=U17,0,0.5*'Thể lệ'!$E$6)),if(and($F17=U17,$G17=V17),"0",if(($F17-$G17)*(U17-V17)>0,0.5*'Thể lệ'!$E$6,'Thể lệ'!$E$6))) -> 10000 | CB17: =if($F17=$G17,if(and($F17=$G17,W17<>X17),'Thể lệ'!$E$6,if($F17=W17,0,0.5*'Thể lệ'!$E$6)),if(and($F17=W17,$G17=X17),"0",if(($F17-$G17)*(W17-X17)>0,0.5*'Thể lệ'!$E$6,'Thể lệ'!$E$6))) -> 10000 | CD17: =if($F17=$G17,if(and($F17=$G17,Y17<>Z17),'Thể lệ'!$E$6,if($F17=Y17,0,0.5*'Thể lệ'!$E$6)),if(and($F17=Y17,$G17=Z17),"0",if(($F17-$G17)*(Y17-Z17)>0,0.5*'Thể lệ'!$E$6,'Thể lệ'!$E$6))) -> 5000 | CF17: =if($F17=$G17,if(and($F17=$G17,AA17<>AB17),'Thể lệ'!$E$6,if($F17=AA17,0,0.5*'Thể lệ'!$E$6)),if(and($F17=AA17,$G17=AB17),"0",if(($F17-$G17)*(AA17-AB17)>0,0.5*'Thể lệ'!$E$6,'Thể lệ'!$E$6))) -> 0 | CH17: =if($F17=$G17,if(and($F17=$G17,AC17<>AD17),'Thể lệ'!$E$6,if($F17=AC17,0,0.5*'Thể lệ'!$E$6)),if(and($F17=AC17,$G17=AD17),"0",if(($F17-$G17)*(AC17-AD17)>0,0.5*'Thể lệ'!$E$6,'Thể lệ'!$E$6))) -> 0 | CJ17: =if($F17=$G17,if(and($F17=$G17,AE17<>AF17),'Thể lệ'!$E$6,if($F17=AE17,0,0.5*'Thể lệ'!$E$6)),if(and($F17=AE17,$G17=AF17),"0",if(($F17-$G17)*(AE17-AF17)>0,0.5*'Thể lệ'!$E$6,'Thể lệ'!$E$6))) -> 10000 | CL17: =if($F17=$G17,if(and($F17=$G17,AG17<>AH17),'Thể lệ'!$E$6,if($F17=AG17,0,0.5*'Thể lệ'!$E$6)),if(and($F17=AG17,$G17=AH17),"0",if(($F17-$G17)*(AG17-AH17)>0,0.5*'Thể lệ'!$E$6,'Thể lệ'!$E$6))) -> 0 | CN17: =if($F17=$G17,if(and($F17=$G17,AI17<>AJ17),'Thể lệ'!$E$6,if($F17=AI17,0,0.5*'Thể lệ'!$E$6)),if(and($F17=AI17,$G17=AJ17),"0",if(($F17-$G17)*(AI17-AJ17)>0,0.5*'Thể lệ'!$E$6,'Thể lệ'!$E$6))) -> 0 | CP17: =if($F17=$G17,if(and($F17=$G17,AK17<>AL17),'Thể lệ'!$E$6,if($F17=AK17,0,0.5*'Thể lệ'!$E$6)),if(and($F17=AK17,$G17=AL17),"0",if(($F17-$G17)*(AK17-AL17)>0,0.5*'Thể lệ'!$E$6,'Thể lệ'!$E$6))) -> 10000 | CR17: =if($F17=$G17,if(and($F17=$G17,AM17<>AN17),'Thể lệ'!$E$6,if($F17=AM17,0,0.5*'Thể lệ'!$E$6)),if(and($F17=AM17,$G17=AN17),"0",if(($F17-$G17)*(AM17-AN17)>0,0.5*'Thể lệ'!$E$6,'Thể lệ'!$E$6))) -> 0 | CT17: =if($F17=$G17,if(and($F17=$G17,AO17<>AP17),'Thể lệ'!$E$6,if($F17=AO17,0,0.5*'Thể lệ'!$E$6)),if(and($F17=AO17,$G17=AP17),"0",if(($F17-$G17)*(AO17-AP17)>0,0.5*'Thể lệ'!$E$6,'Thể lệ'!$E$6))) -> 10000 | CV17: =if($F17=$G17,if(and($F17=$G17,AQ17<>AR17),'Thể lệ'!$E$6,if($F17=AQ17,0,0.5*'Thể lệ'!$E$6)),if(and($F17=AQ17,$G17=AR17),"0",if(($F17-$G17)*(AQ17-AR17)>0,0.5*'Thể lệ'!$E$6,'Thể lệ'!$E$6))) -> 5000 | CX17: =if($F17=$G17,if(and($F17=$G17,AS17<>AT17),'Thể lệ'!$E$6,if($F17=AS17,0,0.5*'Thể lệ'!$E$6)),if(and($F17=AS17,$G17=AT17),"0",if(($F17-$G17)*(AS17-AT17)>0,0.5*'Thể lệ'!$E$6,'Thể lệ'!$E$6))) -> 5000 | CZ17: =if($F17=$G17,if(and($F17=$G17,AU17<>AV17),'Thể lệ'!$E$6,if($F17=AU17,0,0.5*'Thể lệ'!$E$6)),if(and($F17=AU17,$G17=AV17),"0",if(($F17-$G17)*(AU17-AV17)>0,0.5*'Thể lệ'!$E$6,'Thể lệ'!$E$6))) -> 0 | DB17: =if($F17=$G17,if(and($F17=$G17,AW17<>AX17),'Thể lệ'!$E$6,if($F17=AW17,0,0.5*'Thể lệ'!$E$6)),if(and($F17=AW17,$G17=AX17),"0",if(($F17-$G17)*(AW17-AX17)>0,0.5*'Thể lệ'!$E$6,'Thể lệ'!$E$6))) -> 0 | DD17: =if($F17=$G17,if(and($F17=$G17,AY17<>AZ17),'Thể lệ'!$E$6,if($F17=AY17,0,0.5*'Thể lệ'!$E$6)),if(and($F17=AY17,$G17=AZ17),"0",if(($F17-$G17)*(AY17-AZ17)>0,0.5*'Thể lệ'!$E$6,'Thể lệ'!$E$6))) -> 0 | DF17: =if($F17=$G17,if(and($F17=$G17,BA17<>BB17),'Thể lệ'!$E$6,if($F17=BA17,0,0.5*'Thể lệ'!$E$6)),if(and($F17=BA17,$G17=BB17),"0",if(($F17-$G17)*(BA17-BB17)>0,0.5*'Thể lệ'!$E$6,'Thể lệ'!$E$6))) -> 10000 | DH17: =if($F17=$G17,if(and($F17=$G17,BC17<>BD17),'Thể lệ'!$E$6,if($F17=BC17,0,0.5*'Thể lệ'!$E$6)),if(and($F17=BC17,$G17=BD17),"0",if(($F17-$G17)*(BC17-BD17)>0,0.5*'Thể lệ'!$E$6,'Thể lệ'!$E$6))) -> 5000 | DJ17: =if($F17=$G17,if(and($F17=$G17,BE17<>BF17),'Thể lệ'!$E$6,if($F17=BE17,0,0.5*'Thể lệ'!$E$6)),if(and($F17=BE17,$G17=BF17),"0",if(($F17-$G17)*(BE17-BF17)>0,0.5*'Thể lệ'!$E$6,'Thể lệ'!$E$6))) -> 5000 | DL17: =if($F17=$G17,if(and($F17=$G17,BG17<>BH17),'Thể lệ'!$E$6,if($F17=BG17,0,0.5*'Thể lệ'!$E$6)),if(and($F17=BG17,$G17=BH17),"0",if(($F17-$G17)*(BG17-BH17)>0,0.5*'Thể lệ'!$E$6,'Thể lệ'!$E$6))) -> 0 | DN17: =if($F17=$G17,if(and($F17=$G17,BI17<>BJ17),'Thể lệ'!$E$6,if($F17=BI17,0,0.5*'Thể lệ'!$E$6)),if(and($F17=BI17,$G17=BJ17),"0",if(($F17-$G17)*(BI17-BJ17)>0,0.5*'Thể lệ'!$E$6,'Thể lệ'!$E$6))) -> 5000
B18: 12 | C18: 46188.375 | D18: 46188.375 | E18: Sweden | H18: Tunisia | K18: 2 | L18: 1 | O18: 2 | P18: 0 | Q18: =AE18 -> 1 | R18: =AF18 -> 0 | S18: 1 | T18: 0 | U18: 1 | V18: 0 | W18: 1 | X18: 0 | Y18: 1 | Z18: 1 | AE18: 1 | AF18: 0 | AK18: 0 | AL18: 0 | AO18: 1 | AP18: 1 | AQ18: =BE18 -> 1 | AR18: =BF18 -> 0 | AS18: 2 | AT18: 0 | BA18: 1 | BB18: 0 | BC18: 2 | BD18: 0 | BE18: 1 | BF18: 0 | BI18: =H.Son!H18 -> 1 | BJ18: =H.Son!I18 -> 0 | BN18: =if($F18=$G18,if(and($F18=$G18,I18<>J18),'Thể lệ'!$E$6,if($F18=I18,0,0.5*'Thể lệ'!$E$6)),if(and($F18=I18,$G18=J18),"0",if(($F18-$G18)*(I18-J18)>0,0.5*'Thể lệ'!$E$6,'Thể lệ'!$E$6))) -> 0 | BP18: =if($F18=$G18,if(and($F18=$G18,K18<>L18),'Thể lệ'!$E$6,if($F18=K18,0,0.5*'Thể lệ'!$E$6)),if(and($F18=K18,$G18=L18),"0",if(($F18-$G18)*(K18-L18)>0,0.5*'Thể lệ'!$E$6,'Thể lệ'!$E$6))) -> 10000 | BR18: =if($F18=$G18,if(and($F18=$G18,M18<>N18),'Thể lệ'!$E$6,if($F18=M18,0,0.5*'Thể lệ'!$E$6)),if(and($F18=M18,$G18=N18),"0",if(($F18-$G18)*(M18-N18)>0,0.5*'Thể lệ'!$E$6,'Thể lệ'!$E$6))) -> 0 | BT18: =if($F18=$G18,if(and($F18=$G18,O18<>P18),'Thể lệ'!$E$6,if($F18=O18,0,0.5*'Thể lệ'!$E$6)),if(and($F18=O18,$G18=P18),"0",if(($F18-$G18)*(O18-P18)>0,0.5*'Thể lệ'!$E$6,'Thể lệ'!$E$6))) -> 10000 | BV18: =if($F18=$G18,if(and($F18=$G18,Q18<>R18),'Thể lệ'!$E$6,if($F18=Q18,0,0.5*'Thể lệ'!$E$6)),if(and($F18=Q18,$G18=R18),"0",if(($F18-$G18)*(Q18-R18)>0,0.5*'Thể lệ'!$E$6,'Thể lệ'!$E$6))) -> 10000 | BX18: =if($F18=$G18,if(and($F18=$G18,S18<>T18),'Thể lệ'!$E$6,if($F18=S18,0,0.5*'Thể lệ'!$E$6)),if(and($F18=S18,$G18=T18),"0",if(($F18-$G18)*(S18-T18)>0,0.5*'Thể lệ'!$E$6,'Thể lệ'!$E$6))) -> 10000 | BZ18: =if($F18=$G18,if(and($F18=$G18,U18<>V18),'Thể lệ'!$E$6,if($F18=U18,0,0.5*'Thể lệ'!$E$6)),if(and($F18=U18,$G18=V18),"0",if(($F18-$G18)*(U18-V18)>0,0.5*'Thể lệ'!$E$6,'Thể lệ'!$E$6))) -> 10000 | CB18: =if($F18=$G18,if(and($F18=$G18,W18<>X18),'Thể lệ'!$E$6,if($F18=W18,0,0.5*'Thể lệ'!$E$6)),if(and($F18=W18,$G18=X18),"0",if(($F18-$G18)*(W18-X18)>0,0.5*'Thể lệ'!$E$6,'Thể lệ'!$E$6))) -> 10000 | CD18: =if($F18=$G18,if(and($F18=$G18,Y18<>Z18),'Thể lệ'!$E$6,if($F18=Y18,0,0.5*'Thể lệ'!$E$6)),if(and($F18=Y18,$G18=Z18),"0",if(($F18-$G18)*(Y18-Z18)>0,0.5*'Thể lệ'!$E$6,'Thể lệ'!$E$6))) -> 5000 | CF18: =if($F18=$G18,if(and($F18=$G18,AA18<>AB18),'Thể lệ'!$E$6,if($F18=AA18,0,0.5*'Thể lệ'!$E$6)),if(and($F18=AA18,$G18=AB18),"0",if(($F18-$G18)*(AA18-AB18)>0,0.5*'Thể lệ'!$E$6,'Thể lệ'!$E$6))) -> 0 | CH18: =if($F18=$G18,if(and($F18=$G18,AC18<>AD18),'Thể lệ'!$E$6,if($F18=AC18,0,0.5*'Thể lệ'!$E$6)),if(and($F18=AC18,$G18=AD18),"0",if(($F18-$G18)*(AC18-AD18)>0,0.5*'Thể lệ'!$E$6,'Thể lệ'!$E$6))) -> 0 | CJ18: =if($F18=$G18,if(and($F18=$G18,AE18<>AF18),'Thể lệ'!$E$6,if($F18=AE18,0,0.5*'Thể lệ'!$E$6)),if(and($F18=AE18,$G18=AF18),"0",if(($F18-$G18)*(AE18-AF18)>0,0.5*'Thể lệ'!$E$6,'Thể lệ'!$E$6))) -> 10000 | CL18: =if($F18=$G18,if(and($F18=$G18,AG18<>AH18),'Thể lệ'!$E$6,if($F18=AG18,0,0.5*'Thể lệ'!$E$6)),if(and($F18=AG18,$G18=AH18),"0",if(($F18-$G18)*(AG18-AH18)>0,0.5*'Thể lệ'!$E$6,'Thể lệ'!$E$6))) -> 0 | CN18: =if($F18=$G18,if(and($F18=$G18,AI18<>AJ18),'Thể lệ'!$E$6,if($F18=AI18,0,0.5*'Thể lệ'!$E$6)),if(and($F18=AI18,$G18=AJ18),"0",if(($F18-$G18)*(AI18-AJ18)>0,0.5*'Thể lệ'!$E$6,'Thể lệ'!$E$6))) -> 0 | CP18: =if($F18=$G18,if(and($F18=$G18,AK18<>AL18),'Thể lệ'!$E$6,if($F18=AK18,0,0.5*'Thể lệ'!$E$6)),if(and($F18=AK18,$G18=AL18),"0",if(($F18-$G18)*(AK18-AL18)>0,0.5*'Thể lệ'!$E$6,'Thể lệ'!$E$6))) -> 0 | CR18: =if($F18=$G18,if(and($F18=$G18,AM18<>AN18),'Thể lệ'!$E$6,if($F18=AM18,0,0.5*'Thể lệ'!$E$6)),if(and($F18=AM18,$G18=AN18),"0",if(($F18-$G18)*(AM18-AN18)>0,0.5*'Thể lệ'!$E$6,'Thể lệ'!$E$6))) -> 0 | CT18: =if($F18=$G18,if(and($F18=$G18,AO18<>AP18),'Thể lệ'!$E$6,if($F18=AO18,0,0.5*'Thể lệ'!$E$6)),if(and($F18=AO18,$G18=AP18),"0",if(($F18-$G18)*(AO18-AP18)>0,0.5*'Thể lệ'!$E$6,'Thể lệ'!$E$6))) -> 5000 | CV18: =if($F18=$G18,if(and($F18=$G18,AQ18<>AR18),'Thể lệ'!$E$6,if($F18=AQ18,0,0.5*'Thể lệ'!$E$6)),if(and($F18=AQ18,$G18=AR18),"0",if(($F18-$G18)*(AQ18-AR18)>0,0.5*'Thể lệ'!$E$6,'Thể lệ'!$E$6))) -> 10000 | CX18: =if($F18=$G18,if(and($F18=$G18,AS18<>AT18),'Thể lệ'!$E$6,if($F18=AS18,0,0.5*'Thể lệ'!$E$6)),if(and($F18=AS18,$G18=AT18),"0",if(($F18-$G18)*(AS18-AT18)>0,0.5*'Thể lệ'!$E$6,'Thể lệ'!$E$6))) -> 10000 | CZ18: =if($F18=$G18,if(and($F18=$G18,AU18<>AV18),'Thể lệ'!$E$6,if($F18=AU18,0,0.5*'Thể lệ'!$E$6)),if(and($F18=AU18,$G18=AV18),"0",if(($F18-$G18)*(AU18-AV18)>0,0.5*'Thể lệ'!$E$6,'Thể lệ'!$E$6))) -> 0 | DB18: =if($F18=$G18,if(and($F18=$G18,AW18<>AX18),'Thể lệ'!$E$6,if($F18=AW18,0,0.5*'Thể lệ'!$E$6)),if(and($F18=AW18,$G18=AX18),"0",if(($F18-$G18)*(AW18-AX18)>0,0.5*'Thể lệ'!$E$6,'Thể lệ'!$E$6))) -> 0 | DD18: =if($F18=$G18,if(and($F18=$G18,AY18<>AZ18),'Thể lệ'!$E$6,if($F18=AY18,0,0.5*'Thể lệ'!$E$6)),if(and($F18=AY18,$G18=AZ18),"0",if(($F18-$G18)*(AY18-AZ18)>0,0.5*'Thể lệ'!$E$6,'Thể lệ'!$E$6))) -> 0 | DF18: =if($F18=$G18,if(and($F18=$G18,BA18<>BB18),'Thể lệ'!$E$6,if($F18=BA18,0,0.5*'Thể lệ'!$E$6)),if(and($F18=BA18,$G18=BB18),"0",if(($F18-$G18)*(BA18-BB18)>0,0.5*'Thể lệ'!$E$6,'Thể lệ'!$E$6))) -> 10000 | DH18: =if($F18=$G18,if(and($F18=$G18,BC18<>BD18),'Thể lệ'!$E$6,if($F18=BC18,0,0.5*'Thể lệ'!$E$6)),if(and($F18=BC18,$G18=BD18),"0",if(($F18-$G18)*(BC18-BD18)>0,0.5*'Thể lệ'!$E$6,'Thể lệ'!$E$6))) -> 10000 | DJ18: =if($F18=$G18,if(and($F18=$G18,BE18<>BF18),'Thể lệ'!$E$6,if($F18=BE18,0,0.5*'Thể lệ'!$E$6)),if(and($F18=BE18,$G18=BF18),"0",if(($F18-$G18)*(BE18-BF18)>0,0.5*'Thể lệ'!$E$6,'Thể lệ'!$E$6))) -> 10000 | DL18: =if($F18=$G18,if(and($F18=$G18,BG18<>BH18),'Thể lệ'!$E$6,if($F18=BG18,0,0.5*'Thể lệ'!$E$6)),if(and($F18=BG18,$G18=BH18),"0",if(($F18-$G18)*(BG18-BH18)>0,0.5*'Thể lệ'!$E$6,'Thể lệ'!$E$6))) -> 0 | DN18: =if($F18=$G18,if(and($F18=$G18,BI18<>BJ18),'Thể lệ'!$E$6,if($F18=BI18,0,0.5*'Thể lệ'!$E$6)),if(and($F18=BI18,$G18=BJ18),"0",if(($F18-$G18)*(BI18-BJ18)>0,0.5*'Thể lệ'!$E$6,'Thể lệ'!$E$6))) -> 10000
B19: 13 | C19: 46188.958 | D19: 46188.958 | E19: Spain | H19: Cape Verde | O19: 3 | P19: 0 | Q19: =AE19 -> 3 | R19: =AF19 -> 0 | S19: 3 | T19: 0 | U19: 3 | V19: 0 | W19: 3 | X19: 0 | Y19: 4 | Z19: 0 | AE19: 3 | AF19: 0 | AK19: 2 | AL19: 0 | AO19: 3 | AP19: 0 | AQ19: =BE19 -> 3 | AR19: =BF19 -> 0 | AS19: 3 | AT19: 0 | BA19: 3 | BB19: 1 | BC19: 4 | BD19: 0 | BE19: 3 | BF19: 0 | BI19: =H.Son!H19 -> 3 | BJ19: =H.Son!I19 -> 0 | BN19: =if($F19=$G19,if(and($F19=$G19,I19<>J19),'Thể lệ'!$E$6,if($F19=I19,0,0.5*'Thể lệ'!$E$6)),if(and($F19=I19,$G19=J19),"0",if(($F19-$G19)*(I19-J19)>0,0.5*'Thể lệ'!$E$6,'Thể lệ'!$E$6))) -> 0 | BP19: =if($F19=$G19,if(and($F19=$G19,K19<>L19),'Thể lệ'!$E$6,if($F19=K19,0,0.5*'Thể lệ'!$E$6)),if(and($F19=K19,$G19=L19),"0",if(($F19-$G19)*(K19-L19)>0,0.5*'Thể lệ'!$E$6,'Thể lệ'!$E$6))) -> 0 | BR19: =if($F19=$G19,if(and($F19=$G19,M19<>N19),'Thể lệ'!$E$6,if($F19=M19,0,0.5*'Thể lệ'!$E$6)),if(and($F19=M19,$G19=N19),"0",if(($F19-$G19)*(M19-N19)>0,0.5*'Thể lệ'!$E$6,'Thể lệ'!$E$6))) -> 0 | BT19: =if($F19=$G19,if(and($F19=$G19,O19<>P19),'Thể lệ'!$E$6,if($F19=O19,0,0.5*'Thể lệ'!$E$6)),if(and($F19=O19,$G19=P19),"0",if(($F19-$G19)*(O19-P19)>0,0.5*'Thể lệ'!$E$6,'Thể lệ'!$E$6))) -> 10000 | BV19: =if($F19=$G19,if(and($F19=$G19,Q19<>R19),'Thể lệ'!$E$6,if($F19=Q19,0,0.5*'Thể lệ'!$E$6)),if(and($F19=Q19,$G19=R19),"0",if(($F19-$G19)*(Q19-R19)>0,0.5*'Thể lệ'!$E$6,'Thể lệ'!$E$6))) -> 10000 | BX19: =if($F19=$G19,if(and($F19=$G19,S19<>T19),'Thể lệ'!$E$6,if($F19=S19,0,0.5*'Thể lệ'!$E$6)),if(and($F19=S19,$G19=T19),"0",if(($F19-$G19)*(S19-T19)>0,0.5*'Thể lệ'!$E$6,'Thể lệ'!$E$6))) -> 10000 | BZ19: =if($F19=$G19,if(and($F19=$G19,U19<>V19),'Thể lệ'!$E$6,if($F19=U19,0,0.5*'Thể lệ'!$E$6)),if(and($F19=U19,$G19=V19),"0",if(($F19-$G19)*(U19-V19)>0,0.5*'Thể lệ'!$E$6,'Thể lệ'!$E$6))) -> 10000 | CB19: =if($F19=$G19,if(and($F19=$G19,W19<>X19),'Thể lệ'!$E$6,if($F19=W19,0,0.5*'Thể lệ'!$E$6)),if(and($F19=W19,$G19=X19),"0",if(($F19-$G19)*(W19-X19)>0,0.5*'Thể lệ'!$E$6,'Thể lệ'!$E$6))) -> 10000 | CD19: =if($F19=$G19,if(and($F19=$G19,Y19<>Z19),'Thể lệ'!$E$6,if($F19=Y19,0,0.5*'Thể lệ'!$E$6)),if(and($F19=Y19,$G19=Z19),"0",if(($F19-$G19)*(Y19-Z19)>0,0.5*'Thể lệ'!$E$6,'Thể lệ'!$E$6))) -> 10000 | CF19: =if($F19=$G19,if(and($F19=$G19,AA19<>AB19),'Thể lệ'!$E$6,if($F19=AA19,0,0.5*'Thể lệ'!$E$6)),if(and($F19=AA19,$G19=AB19),"0",if(($F19-$G19)*(AA19-AB19)>0,0.5*'Thể lệ'!$E$6,'Thể lệ'!$E$6))) -> 0 | CH19: =if($F19=$G19,if(and($F19=$G19,AC19<>AD19),'Thể lệ'!$E$6,if($F19=AC19,0,0.5*'Thể lệ'!$E$6)),if(and($F19=AC19,$G19=AD19),"0",if(($F19-$G19)*(AC19-AD19)>0,0.5*'Thể lệ'!$E$6,'Thể lệ'!$E$6))) -> 0 | CJ19: =if($F19=$G19,if(and($F19=$G19,AE19<>AF19),'Thể lệ'!$E$6,if($F19=AE19,0,0.5*'Thể lệ'!$E$6)),if(and($F19=AE19,$G19=AF19),"0",if(($F19-$G19)*(AE19-AF19)>0,0.5*'Thể lệ'!$E$6,'Thể lệ'!$E$6))) -> 10000 | CL19: =if($F19=$G19,if(and($F19=$G19,AG19<>AH19),'Thể lệ'!$E$6,if($F19=AG19,0,0.5*'Thể lệ'!$E$6)),if(and($F19=AG19,$G19=AH19),"0",if(($F19-$G19)*(AG19-AH19)>0,0.5*'Thể lệ'!$E$6,'Thể lệ'!$E$6))) -> 0 | CN19: =if($F19=$G19,if(and($F19=$G19,AI19<>AJ19),'Thể lệ'!$E$6,if($F19=AI19,0,0.5*'Thể lệ'!$E$6)),if(and($F19=AI19,$G19=AJ19),"0",if(($F19-$G19)*(AI19-AJ19)>0,0.5*'Thể lệ'!$E$6,'Thể lệ'!$E$6))) -> 0 | CP19: =if($F19=$G19,if(and($F19=$G19,AK19<>AL19),'Thể lệ'!$E$6,if($F19=AK19,0,0.5*'Thể lệ'!$E$6)),if(and($F19=AK19,$G19=AL19),"0",if(($F19-$G19)*(AK19-AL19)>0,0.5*'Thể lệ'!$E$6,'Thể lệ'!$E$6))) -> 10000 | CR19: =if($F19=$G19,if(and($F19=$G19,AM19<>AN19),'Thể lệ'!$E$6,if($F19=AM19,0,0.5*'Thể lệ'!$E$6)),if(and($F19=AM19,$G19=AN19),"0",if(($F19-$G19)*(AM19-AN19)>0,0.5*'Thể lệ'!$E$6,'Thể lệ'!$E$6))) -> 0 | CT19: =if($F19=$G19,if(and($F19=$G19,AO19<>AP19),'Thể lệ'!$E$6,if($F19=AO19,0,0.5*'Thể lệ'!$E$6)),if(and($F19=AO19,$G19=AP19),"0",if(($F19-$G19)*(AO19-AP19)>0,0.5*'Thể lệ'!$E$6,'Thể lệ'!$E$6))) -> 10000 | CV19: =if($F19=$G19,if(and($F19=$G19,AQ19<>AR19),'Thể lệ'!$E$6,if($F19=AQ19,0,0.5*'Thể lệ'!$E$6)),if(and($F19=AQ19,$G19=AR19),"0",if(($F19-$G19)*(AQ19-AR19)>0,0.5*'Thể lệ'!$E$6,'Thể lệ'!$E$6))) -> 10000 | CX19: =if($F19=$G19,if(and($F19=$G19,AS19<>AT19),'Thể lệ'!$E$6,if($F19=AS19,0,0.5*'Thể lệ'!$E$6)),if(and($F19=AS19,$G19=AT19),"0",if(($F19-$G19)*(AS19-AT19)>0,0.5*'Thể lệ'!$E$6,'Thể lệ'!$E$6))) -> 10000 | CZ19: =if($F19=$G19,if(and($F19=$G19,AU19<>AV19),'Thể lệ'!$E$6,if($F19=AU19,0,0.5*'Thể lệ'!$E$6)),if(and($F19=AU19,$G19=AV19),"0",if(($F19-$G19)*(AU19-AV19)>0,0.5*'Thể lệ'!$E$6,'Thể lệ'!$E$6))) -> 0 | DB19: =if($F19=$G19,if(and($F19=$G19,AW19<>AX19),'Thể lệ'!$E$6,if($F19=AW19,0,0.5*'Thể lệ'!$E$6)),if(and($F19=AW19,$G19=AX19),"0",if(($F19-$G19)*(AW19-AX19)>0,0.5*'Thể lệ'!$E$6,'Thể lệ'!$E$6))) -> 0 | DD19: =if($F19=$G19,if(and($F19=$G19,AY19<>AZ19),'Thể lệ'!$E$6,if($F19=AY19,0,0.5*'Thể lệ'!$E$6)),if(and($F19=AY19,$G19=AZ19),"0",if(($F19-$G19)*(AY19-AZ19)>0,0.5*'Thể lệ'!$E$6,'Thể lệ'!$E$6))) -> 0 | DF19: =if($F19=$G19,if(and($F19=$G19,BA19<>BB19),'Thể lệ'!$E$6,if($F19=BA19,0,0.5*'Thể lệ'!$E$6)),if(and($F19=BA19,$G19=BB19),"0",if(($F19-$G19)*(BA19-BB19)>0,0.5*'Thể lệ'!$E$6,'Thể lệ'!$E$6))) -> 10000 | DH19: =if($F19=$G19,if(and($F19=$G19,BC19<>BD19),'Thể lệ'!$E$6,if($F19=BC19,0,0.5*'Thể lệ'!$E$6)),if(and($F19=BC19,$G19=BD19),"0",if(($F19-$G19)*(BC19-BD19)>0,0.5*'Thể lệ'!$E$6,'Thể lệ'!$E$6))) -> 10000 | DJ19: =if($F19=$G19,if(and($F19=$G19,BE19<>BF19),'Thể lệ'!$E$6,if($F19=BE19,0,0.5*'Thể lệ'!$E$6)),if(and($F19=BE19,$G19=BF19),"0",if(($F19-$G19)*(BE19-BF19)>0,0.5*'Thể lệ'!$E$6,'Thể lệ'!$E$6))) -> 10000 | DL19: =if($F19=$G19,if(and($F19=$G19,BG19<>BH19),'Thể lệ'!$E$6,if($F19=BG19,0,0.5*'Thể lệ'!$E$6)),if(and($F19=BG19,$G19=BH19),"0",if(($F19-$G19)*(BG19-BH19)>0,0.5*'Thể lệ'!$E$6,'Thể lệ'!$E$6))) -> 0 | DN19: =if($F19=$G19,if(and($F19=$G19,BI19<>BJ19),'Thể lệ'!$E$6,if($F19=BI19,0,0.5*'Thể lệ'!$E$6)),if(and($F19=BI19,$G19=BJ19),"0",if(($F19-$G19)*(BI19-BJ19)>0,0.5*'Thể lệ'!$E$6,'Thể lệ'!$E$6))) -> 10000
B20: 14 | C20: 46189.083 | D20: 46189.083 | E20: Belgium | H20: Egypt | O20: 2 | P20: 1 | Q20: =AE20 -> 2 | R20: =AF20 -> 1 | S20: 2 | T20: 0 | U20: 2 | V20: 1 | W20: 2 | X20: 1 | Y20: 3 | Z20: 1 | AE20: 2 | AF20: 1 | AK20: 2 | AL20: 1 | AO20: 1 | AP20: 1 | AQ20: =BE20 -> 2 | AR20: =BF20 -> 1 | AS20: 3 | AT20: 0 | BA20: 2 | BB20: 1 | BC20: 3 | BD20: 0 | BE20: 2 | BF20: 1 | BI20: =H.Son!H20 -> 2 | BJ20: =H.Son!I20 -> 0 | BN20: =if($F20=$G20,if(and($F20=$G20,I20<>J20),'Thể lệ'!$E$6,if($F20=I20,0,0.5*'Thể lệ'!$E$6)),if(and($F20=I20,$G20=J20),"0",if(($F20-$G20)*(I20-J20)>0,0.5*'Thể lệ'!$E$6,'Thể lệ'!$E$6))) -> 0 | BP20: =if($F20=$G20,if(and($F20=$G20,K20<>L20),'Thể lệ'!$E$6,if($F20=K20,0,0.5*'Thể lệ'!$E$6)),if(and($F20=K20,$G20=L20),"0",if(($F20-$G20)*(K20-L20)>0,0.5*'Thể lệ'!$E$6,'Thể lệ'!$E$6))) -> 0 | BR20: =if($F20=$G20,if(and($F20=$G20,M20<>N20),'Thể lệ'!$E$6,if($F20=M20,0,0.5*'Thể lệ'!$E$6)),if(and($F20=M20,$G20=N20),"0",if(($F20-$G20)*(M20-N20)>0,0.5*'Thể lệ'!$E$6,'Thể lệ'!$E$6))) -> 0 | BT20: =if($F20=$G20,if(and($F20=$G20,O20<>P20),'Thể lệ'!$E$6,if($F20=O20,0,0.5*'Thể lệ'!$E$6)),if(and($F20=O20,$G20=P20),"0",if(($F20-$G20)*(O20-P20)>0,0.5*'Thể lệ'!$E$6,'Thể lệ'!$E$6))) -> 10000 | BV20: =if($F20=$G20,if(and($F20=$G20,Q20<>R20),'Thể lệ'!$E$6,if($F20=Q20,0,0.5*'Thể lệ'!$E$6)),if(and($F20=Q20,$G20=R20),"0",if(($F20-$G20)*(Q20-R20)>0,0.5*'Thể lệ'!$E$6,'Thể lệ'!$E$6))) -> 10000 | BX20: =if($F20=$G20,if(and($F20=$G20,S20<>T20),'Thể lệ'!$E$6,if($F20=S20,0,0.5*'Thể lệ'!$E$6)),if(and($F20=S20,$G20=T20),"0",if(($F20-$G20)*(S20-T20)>0,0.5*'Thể lệ'!$E$6,'Thể lệ'!$E$6))) -> 10000 | BZ20: =if($F20=$G20,if(and($F20=$G20,U20<>V20),'Thể lệ'!$E$6,if($F20=U20,0,0.5*'Thể lệ'!$E$6)),if(and($F20=U20,$G20=V20),"0",if(($F20-$G20)*(U20-V20)>0,0.5*'Thể lệ'!$E$6,'Thể lệ'!$E$6))) -> 10000 | CB20: =if($F20=$G20,if(and($F20=$G20,W20<>X20),'Thể lệ'!$E$6,if($F20=W20,0,0.5*'Thể lệ'!$E$6)),if(and($F20=W20,$G20=X20),"0",if(($F20-$G20)*(W20-X20)>0,0.5*'Thể lệ'!$E$6,'Thể lệ'!$E$6))) -> 10000 | CD20: =if($F20=$G20,if(and($F20=$G20,Y20<>Z20),'Thể lệ'!$E$6,if($F20=Y20,0,0.5*'Thể lệ'!$E$6)),if(and($F20=Y20,$G20=Z20),"0",if(($F20-$G20)*(Y20-Z20)>0,0.5*'Thể lệ'!$E$6,'Thể lệ'!$E$6))) -> 10000 | CF20: =if($F20=$G20,if(and($F20=$G20,AA20<>AB20),'Thể lệ'!$E$6,if($F20=AA20,0,0.5*'Thể lệ'!$E$6)),if(and($F20=AA20,$G20=AB20),"0",if(($F20-$G20)*(AA20-AB20)>0,0.5*'Thể lệ'!$E$6,'Thể lệ'!$E$6))) -> 0 | CH20: =if($F20=$G20,if(and($F20=$G20,AC20<>AD20),'Thể lệ'!$E$6,if($F20=AC20,0,0.5*'Thể lệ'!$E$6)),if(and($F20=AC20,$G20=AD20),"0",if(($F20-$G20)*(AC20-AD20)>0,0.5*'Thể lệ'!$E$6,'Thể lệ'!$E$6))) -> 0 | CJ20: =if($F20=$G20,if(and($F20=$G20,AE20<>AF20),'Thể lệ'!$E$6,if($F20=AE20,0,0.5*'Thể lệ'!$E$6)),if(and($F20=AE20,$G20=AF20),"0",if(($F20-$G20)*(AE20-AF20)>0,0.5*'Thể lệ'!$E$6,'Thể lệ'!$E$6))) -> 10000 | CL20: =if($F20=$G20,if(and($F20=$G20,AG20<>AH20),'Thể lệ'!$E$6,if($F20=AG20,0,0.5*'Thể lệ'!$E$6)),if(and($F20=AG20,$G20=AH20),"0",if(($F20-$G20)*(AG20-AH20)>0,0.5*'Thể lệ'!$E$6,'Thể lệ'!$E$6))) -> 0 | CN20: =if($F20=$G20,if(and($F20=$G20,AI20<>AJ20),'Thể lệ'!$E$6,if($F20=AI20,0,0.5*'Thể lệ'!$E$6)),if(and($F20=AI20,$G20=AJ20),"0",if(($F20-$G20)*(AI20-AJ20)>0,0.5*'Thể lệ'!$E$6,'Thể lệ'!$E$6))) -> 0 | CP20: =if($F20=$G20,if(and($F20=$G20,AK20<>AL20),'Thể lệ'!$E$6,if($F20=AK20,0,0.5*'Thể lệ'!$E$6)),if(and($F20=AK20,$G20=AL20),"0",if(($F20-$G20)*(AK20-AL20)>0,0.5*'Thể lệ'!$E$6,'Thể lệ'!$E$6))) -> 10000 | CR20: =if($F20=$G20,if(and($F20=$G20,AM20<>AN20),'Thể lệ'!$E$6,if($F20=AM20,0,0.5*'Thể lệ'!$E$6)),if(and($F20=AM20,$G20=AN20),"0",if(($F20-$G20)*(AM20-AN20)>0,0.5*'Thể lệ'!$E$6,'Thể lệ'!$E$6))) -> 0 | CT20: =if($F20=$G20,if(and($F20=$G20,AO20<>AP20),'Thể lệ'!$E$6,if($F20=AO20,0,0.5*'Thể lệ'!$E$6)),if(and($F20=AO20,$G20=AP20),"0",if(($F20-$G20)*(AO20-AP20)>0,0.5*'Thể lệ'!$E$6,'Thể lệ'!$E$6))) -> 5000 | CV20: =if($F20=$G20,if(and($F20=$G20,AQ20<>AR20),'Thể lệ'!$E$6,if($F20=AQ20,0,0.5*'Thể lệ'!$E$6)),if(and($F20=AQ20,$G20=AR20),"0",if(($F20-$G20)*(AQ20-AR20)>0,0.5*'Thể lệ'!$E$6,'Thể lệ'!$E$6))) -> 10000 | CX20: =if($F20=$G20,if(and($F20=$G20,AS20<>AT20),'Thể lệ'!$E$6,if($F20=AS20,0,0.5*'Thể lệ'!$E$6)),if(and($F20=AS20,$G20=AT20),"0",if(($F20-$G20)*(AS20-AT20)>0,0.5*'Thể lệ'!$E$6,'Thể lệ'!$E$6))) -> 10000 | CZ20: =if($F20=$G20,if(and($F20=$G20,AU20<>AV20),'Thể lệ'!$E$6,if($F20=AU20,0,0.5*'Thể lệ'!$E$6)),if(and($F20=AU20,$G20=AV20),"0",if(($F20-$G20)*(AU20-AV20)>0,0.5*'Thể lệ'!$E$6,'Thể lệ'!$E$6))) -> 0 | DB20: =if($F20=$G20,if(and($F20=$G20,AW20<>AX20),'Thể lệ'!$E$6,if($F20=AW20,0,0.5*'Thể lệ'!$E$6)),if(and($F20=AW20,$G20=AX20),"0",if(($F20-$G20)*(AW20-AX20)>0,0.5*'Thể lệ'!$E$6,'Thể lệ'!$E$6))) -> 0 | DD20: =if($F20=$G20,if(and($F20=$G20,AY20<>AZ20),'Thể lệ'!$E$6,if($F20=AY20,0,0.5*'Thể lệ'!$E$6)),if(and($F20=AY20,$G20=AZ20),"0",if(($F20-$G20)*(AY20-AZ20)>0,0.5*'Thể lệ'!$E$6,'Thể lệ'!$E$6))) -> 0 | DF20: =if($F20=$G20,if(and($F20=$G20,BA20<>BB20),'Thể lệ'!$E$6,if($F20=BA20,0,0.5*'Thể lệ'!$E$6)),if(and($F20=BA20,$G20=BB20),"0",if(($F20-$G20)*(BA20-BB20)>0,0.5*'Thể lệ'!$E$6,'Thể lệ'!$E$6))) -> 10000 | DH20: =if($F20=$G20,if(and($F20=$G20,BC20<>BD20),'Thể lệ'!$E$6,if($F20=BC20,0,0.5*'Thể lệ'!$E$6)),if(and($F20=BC20,$G20=BD20),"0",if(($F20-$G20)*(BC20-BD20)>0,0.5*'Thể lệ'!$E$6,'Thể lệ'!$E$6))) -> 10000 | DJ20: =if($F20=$G20,if(and($F20=$G20,BE20<>BF20),'Thể lệ'!$E$6,if($F20=BE20,0,0.5*'Thể lệ'!$E$6)),if(and($F20=BE20,$G20=BF20),"0",if(($F20-$G20)*(BE20-BF20)>0,0.5*'Thể lệ'!$E$6,'Thể lệ'!$E$6))) -> 10000 | DL20: =if($F20=$G20,if(and($F20=$G20,BG20<>BH20),'Thể lệ'!$E$6,if($F20=BG20,0,0.5*'Thể lệ'!$E$6)),if(and($F20=BG20,$G20=BH20),"0",if(($F20-$G20)*(BG20-BH20)>0,0.5*'Thể lệ'!$E$6,'Thể lệ'!$E$6))) -> 0 | DN20: =if($F20=$G20,if(and($F20=$G20,BI20<>BJ20),'Thể lệ'!$E$6,if($F20=BI20,0,0.5*'Thể lệ'!$E$6)),if(and($F20=BI20,$G20=BJ20),"0",if(($F20-$G20)*(BI20-BJ20)>0,0.5*'Thể lệ'!$E$6,'Thể lệ'!$E$6))) -> 10000
B21: 15 | C21: 46189.208 | D21: 46189.208 | E21: Saudi Arabia | H21: Uruguay | O21: 0 | P21: 2 | Q21: =AE21 -> 1 | R21: =AF21 -> 2 | S21: 0 | T21: 2 | U21: 1 | V21: 2 | W21: 1 | X21: 2 | Y21: 0 | Z21: 2 | AE21: 1 | AF21: 2 | AK21: 2 | AL21: 1 | AO21: 0 | AP21: 2 | AQ21: 3 | AR21: =BF21 -> 2 | AS21: 0 | AT21: 3 | BA21: 0 | BB21: 2 | BC21: 1 | BD21: 2 | BE21: 1 | BF21: 2 | BI21: =H.Son!H21 -> 0 | BJ21: =H.Son!I21 -> 2 | BN21: =if($F21=$G21,if(and($F21=$G21,I21<>J21),'Thể lệ'!$E$6,if($F21=I21,0,0.5*'Thể lệ'!$E$6)),if(and($F21=I21,$G21=J21),"0",if(($F21-$G21)*(I21-J21)>0,0.5*'Thể lệ'!$E$6,'Thể lệ'!$E$6))) -> 0 | BP21: =if($F21=$G21,if(and($F21=$G21,K21<>L21),'Thể lệ'!$E$6,if($F21=K21,0,0.5*'Thể lệ'!$E$6)),if(and($F21=K21,$G21=L21),"0",if(($F21-$G21)*(K21-L21)>0,0.5*'Thể lệ'!$E$6,'Thể lệ'!$E$6))) -> 0 | BR21: =if($F21=$G21,if(and($F21=$G21,M21<>N21),'Thể lệ'!$E$6,if($F21=M21,0,0.5*'Thể lệ'!$E$6)),if(and($F21=M21,$G21=N21),"0",if(($F21-$G21)*(M21-N21)>0,0.5*'Thể lệ'!$E$6,'Thể lệ'!$E$6))) -> 0 | BT21: =if($F21=$G21,if(and($F21=$G21,O21<>P21),'Thể lệ'!$E$6,if($F21=O21,0,0.5*'Thể lệ'!$E$6)),if(and($F21=O21,$G21=P21),"0",if(($F21-$G21)*(O21-P21)>0,0.5*'Thể lệ'!$E$6,'Thể lệ'!$E$6))) -> 10000 | BV21: =if($F21=$G21,if(and($F21=$G21,Q21<>R21),'Thể lệ'!$E$6,if($F21=Q21,0,0.5*'Thể lệ'!$E$6)),if(and($F21=Q21,$G21=R21),"0",if(($F21-$G21)*(Q21-R21)>0,0.5*'Thể lệ'!$E$6,'Thể lệ'!$E$6))) -> 10000 | BX21: =if($F21=$G21,if(and($F21=$G21,S21<>T21),'Thể lệ'!$E$6,if($F21=S21,0,0.5*'Thể lệ'!$E$6)),if(and($F21=S21,$G21=T21),"0",if(($F21-$G21)*(S21-T21)>0,0.5*'Thể lệ'!$E$6,'Thể lệ'!$E$6))) -> 10000 | BZ21: =if($F21=$G21,if(and($F21=$G21,U21<>V21),'Thể lệ'!$E$6,if($F21=U21,0,0.5*'Thể lệ'!$E$6)),if(and($F21=U21,$G21=V21),"0",if(($F21-$G21)*(U21-V21)>0,0.5*'Thể lệ'!$E$6,'Thể lệ'!$E$6))) -> 10000 | CB21: =if($F21=$G21,if(and($F21=$G21,W21<>X21),'Thể lệ'!$E$6,if($F21=W21,0,0.5*'Thể lệ'!$E$6)),if(and($F21=W21,$G21=X21),"0",if(($F21-$G21)*(W21-X21)>0,0.5*'Thể lệ'!$E$6,'Thể lệ'!$E$6))) -> 10000 | CD21: =if($F21=$G21,if(and($F21=$G21,Y21<>Z21),'Thể lệ'!$E$6,if($F21=Y21,0,0.5*'Thể lệ'!$E$6)),if(and($F21=Y21,$G21=Z21),"0",if(($F21-$G21)*(Y21-Z21)>0,0.5*'Thể lệ'!$E$6,'Thể lệ'!$E$6))) -> 10000 | CF21: =if($F21=$G21,if(and($F21=$G21,AA21<>AB21),'Thể lệ'!$E$6,if($F21=AA21,0,0.5*'Thể lệ'!$E$6)),if(and($F21=AA21,$G21=AB21),"0",if(($F21-$G21)*(AA21-AB21)>0,0.5*'Thể lệ'!$E$6,'Thể lệ'!$E$6))) -> 0 | CH21: =if($F21=$G21,if(and($F21=$G21,AC21<>AD21),'Thể lệ'!$E$6,if($F21=AC21,0,0.5*'Thể lệ'!$E$6)),if(and($F21=AC21,$G21=AD21),"0",if(($F21-$G21)*(AC21-AD21)>0,0.5*'Thể lệ'!$E$6,'Thể lệ'!$E$6))) -> 0 | CJ21: =if($F21=$G21,if(and($F21=$G21,AE21<>AF21),'Thể lệ'!$E$6,if($F21=AE21,0,0.5*'Thể lệ'!$E$6)),if(and($F21=AE21,$G21=AF21),"0",if(($F21-$G21)*(AE21-AF21)>0,0.5*'Thể lệ'!$E$6,'Thể lệ'!$E$6))) -> 10000 | CL21: =if($F21=$G21,if(and($F21=$G21,AG21<>AH21),'Thể lệ'!$E$6,if($F21=AG21,0,0.5*'Thể lệ'!$E$6)),if(and($F21=AG21,$G21=AH21),"0",if(($F21-$G21)*(AG21-AH21)>0,0.5*'Thể lệ'!$E$6,'Thể lệ'!$E$6))) -> 0 | CN21: =if($F21=$G21,if(and($F21=$G21,AI21<>AJ21),'Thể lệ'!$E$6,if($F21=AI21,0,0.5*'Thể lệ'!$E$6)),if(and($F21=AI21,$G21=AJ21),"0",if(($F21-$G21)*(AI21-AJ21)>0,0.5*'Thể lệ'!$E$6,'Thể lệ'!$E$6))) -> 0 | CP21: =if($F21=$G21,if(and($F21=$G21,AK21<>AL21),'Thể lệ'!$E$6,if($F21=AK21,0,0.5*'Thể lệ'!$E$6)),if(and($F21=AK21,$G21=AL21),"0",if(($F21-$G21)*(AK21-AL21)>0,0.5*'Thể lệ'!$E$6,'Thể lệ'!$E$6))) -> 10000 | CR21: =if($F21=$G21,if(and($F21=$G21,AM21<>AN21),'Thể lệ'!$E$6,if($F21=AM21,0,0.5*'Thể lệ'!$E$6)),if(and($F21=AM21,$G21=AN21),"0",if(($F21-$G21)*(AM21-AN21)>0,0.5*'Thể lệ'!$E$6,'Thể lệ'!$E$6))) -> 0 | CT21: =if($F21=$G21,if(and($F21=$G21,AO21<>AP21),'Thể lệ'!$E$6,if($F21=AO21,0,0.5*'Thể lệ'!$E$6)),if(and($F21=AO21,$G21=AP21),"0",if(($F21-$G21)*(AO21-AP21)>0,0.5*'Thể lệ'!$E$6,'Thể lệ'!$E$6))) -> 10000 | CV21: =if($F21=$G21,if(and($F21=$G21,AQ21<>AR21),'Thể lệ'!$E$6,if($F21=AQ21,0,0.5*'Thể lệ'!$E$6)),if(and($F21=AQ21,$G21=AR21),"0",if(($F21-$G21)*(AQ21-AR21)>0,0.5*'Thể lệ'!$E$6,'Thể lệ'!$E$6))) -> 10000 | CX21: =if($F21=$G21,if(and($F21=$G21,AS21<>AT21),'Thể lệ'!$E$6,if($F21=AS21,0,0.5*'Thể lệ'!$E$6)),if(and($F21=AS21,$G21=AT21),"0",if(($F21-$G21)*(AS21-AT21)>0,0.5*'Thể lệ'!$E$6,'Thể lệ'!$E$6))) -> 10000 | CZ21: =if($F21=$G21,if(and($F21=$G21,AU21<>AV21),'Thể lệ'!$E$6,if($F21=AU21,0,0.5*'Thể lệ'!$E$6)),if(and($F21=AU21,$G21=AV21),"0",if(($F21-$G21)*(AU21-AV21)>0,0.5*'Thể lệ'!$E$6,'Thể lệ'!$E$6))) -> 0 | DB21: =if($F21=$G21,if(and($F21=$G21,AW21<>AX21),'Thể lệ'!$E$6,if($F21=AW21,0,0.5*'Thể lệ'!$E$6)),if(and($F21=AW21,$G21=AX21),"0",if(($F21-$G21)*(AW21-AX21)>0,0.5*'Thể lệ'!$E$6,'Thể lệ'!$E$6))) -> 0 | DD21: =if($F21=$G21,if(and($F21=$G21,AY21<>AZ21),'Thể lệ'!$E$6,if($F21=AY21,0,0.5*'Thể lệ'!$E$6)),if(and($F21=AY21,$G21=AZ21),"0",if(($F21-$G21)*(AY21-AZ21)>0,0.5*'Thể lệ'!$E$6,'Thể lệ'!$E$6))) -> 0 | DF21: =if($F21=$G21,if(and($F21=$G21,BA21<>BB21),'Thể lệ'!$E$6,if($F21=BA21,0,0.5*'Thể lệ'!$E$6)),if(and($F21=BA21,$G21=BB21),"0",if(($F21-$G21)*(BA21-BB21)>0,0.5*'Thể lệ'!$E$6,'Thể lệ'!$E$6))) -> 10000 | DH21: =if($F21=$G21,if(and($F21=$G21,BC21<>BD21),'Thể lệ'!$E$6,if($F21=BC21,0,0.5*'Thể lệ'!$E$6)),if(and($F21=BC21,$G21=BD21),"0",if(($F21-$G21)*(BC21-BD21)>0,0.5*'Thể lệ'!$E$6,'Thể lệ'!$E$6))) -> 10000 | DJ21: =if($F21=$G21,if(and($F21=$G21,BE21<>BF21),'Thể lệ'!$E$6,if($F21=BE21,0,0.5*'Thể lệ'!$E$6)),if(and($F21=BE21,$G21=BF21),"0",if(($F21-$G21)*(BE21-BF21)>0,0.5*'Thể lệ'!$E$6,'Thể lệ'!$E$6))) -> 10000 | DL21: =if($F21=$G21,if(and($F21=$G21,BG21<>BH21),'Thể lệ'!$E$6,if($F21=BG21,0,0.5*'Thể lệ'!$E$6)),if(and($F21=BG21,$G21=BH21),"0",if(($F21-$G21)*(BG21-BH21)>0,0.5*'Thể lệ'!$E$6,'Thể lệ'!$E$6))) -> 0 | DN21: =if($F21=$G21,if(and($F21=$G21,BI21<>BJ21),'Thể lệ'!$E$6,if($F21=BI21,0,0.5*'Thể lệ'!$E$6)),if(and($F21=BI21,$G21=BJ21),"0",if(($F21-$G21)*(BI21-BJ21)>0,0.5*'Thể lệ'!$E$6,'Thể lệ'!$E$6))) -> 10000
B22: 16 | C22: 46189.333 | D22: 46189.333 | E22: IR Iran | H22: New Zealand | O22: 1 | P22: 0 | Q22: =AE22 -> 1 | R22: =AF22 -> 0 | S22: 2 | T22: 0 | U22: 1 | V22: 0 | W22: 1 | X22: 0 | Y22: 2 | Z22: 1 | AE22: 1 | AF22: 0 | AK22: 2 | AL22: 0 | AO22: 2 | AP22: 0 | AQ22: =BE22 -> 1 | AR22: =BF22 -> 0 | AS22: 1 | AT22: 1 | BA22: 2 | BB22: 1 | BC22: 1 | BD22: 0 | BE22: 1 | BF22: 0 | BI22: =H.Son!H22 -> 1 | BJ22: =H.Son!I22 -> 0 | BN22: =if($F22=$G22,if(and($F22=$G22,I22<>J22),'Thể lệ'!$E$6,if($F22=I22,0,0.5*'Thể lệ'!$E$6)),if(and($F22=I22,$G22=J22),"0",if(($F22-$G22)*(I22-J22)>0,0.5*'Thể lệ'!$E$6,'Thể lệ'!$E$6))) -> 0 | BP22: =if($F22=$G22,if(and($F22=$G22,K22<>L22),'Thể lệ'!$E$6,if($F22=K22,0,0.5*'Thể lệ'!$E$6)),if(and($F22=K22,$G22=L22),"0",if(($F22-$G22)*(K22-L22)>0,0.5*'Thể lệ'!$E$6,'Thể lệ'!$E$6))) -> 0 | BR22: =if($F22=$G22,if(and($F22=$G22,M22<>N22),'Thể lệ'!$E$6,if($F22=M22,0,0.5*'Thể lệ'!$E$6)),if(and($F22=M22,$G22=N22),"0",if(($F22-$G22)*(M22-N22)>0,0.5*'Thể lệ'!$E$6,'Thể lệ'!$E$6))) -> 0 | BT22: =if($F22=$G22,if(and($F22=$G22,O22<>P22),'Thể lệ'!$E$6,if($F22=O22,0,0.5*'Thể lệ'!$E$6)),if(and($F22=O22,$G22=P22),"0",if(($F22-$G22)*(O22-P22)>0,0.5*'Thể lệ'!$E$6,'Thể lệ'!$E$6))) -> 10000 | BV22: =if($F22=$G22,if(and($F22=$G22,Q22<>R22),'Thể lệ'!$E$6,if($F22=Q22,0,0.5*'Thể lệ'!$E$6)),if(and($F22=Q22,$G22=R22),"0",if(($F22-$G22)*(Q22-R22)>0,0.5*'Thể lệ'!$E$6,'Thể lệ'!$E$6))) -> 10000 | BX22: =if($F22=$G22,if(and($F22=$G22,S22<>T22),'Thể lệ'!$E$6,if($F22=S22,0,0.5*'Thể lệ'!$E$6)),if(and($F22=S22,$G22=T22),"0",if(($F22-$G22)*(S22-T22)>0,0.5*'Thể lệ'!$E$6,'Thể lệ'!$E$6))) -> 10000 | BZ22: =if($F22=$G22,if(and($F22=$G22,U22<>V22),'Thể lệ'!$E$6,if($F22=U22,0,0.5*'Thể lệ'!$E$6)),if(and($F22=U22,$G22=V22),"0",if(($F22-$G22)*(U22-V22)>0,0.5*'Thể lệ'!$E$6,'Thể lệ'!$E$6))) -> 10000 | CB22: =if($F22=$G22,if(and($F22=$G22,W22<>X22),'Thể lệ'!$E$6,if($F22=W22,0,0.5*'Thể lệ'!$E$6)),if(and($F22=W22,$G22=X22),"0",if(($F22-$G22)*(W22-X22)>0,0.5*'Thể lệ'!$E$6,'Thể lệ'!$E$6))) -> 10000 | CD22: =if($F22=$G22,if(and($F22=$G22,Y22<>Z22),'Thể lệ'!$E$6,if($F22=Y22,0,0.5*'Thể lệ'!$E$6)),if(and($F22=Y22,$G22=Z22),"0",if(($F22-$G22)*(Y22-Z22)>0,0.5*'Thể lệ'!$E$6,'Thể lệ'!$E$6))) -> 10000 | CF22: =if($F22=$G22,if(and($F22=$G22,AA22<>AB22),'Thể lệ'!$E$6,if($F22=AA22,0,0.5*'Thể lệ'!$E$6)),if(and($F22=AA22,$G22=AB22),"0",if(($F22-$G22)*(AA22-AB22)>0,0.5*'Thể lệ'!$E$6,'Thể lệ'!$E$6))) -> 0 | CH22: =if($F22=$G22,if(and($F22=$G22,AC22<>AD22),'Thể lệ'!$E$6,if($F22=AC22,0,0.5*'Thể lệ'!$E$6)),if(and($F22=AC22,$G22=AD22),"0",if(($F22-$G22)*(AC22-AD22)>0,0.5*'Thể lệ'!$E$6,'Thể lệ'!$E$6))) -> 0 | CJ22: =if($F22=$G22,if(and($F22=$G22,AE22<>AF22),'Thể lệ'!$E$6,if($F22=AE22,0,0.5*'Thể lệ'!$E$6)),if(and($F22=AE22,$G22=AF22),"0",if(($F22-$G22)*(AE22-AF22)>0,0.5*'Thể lệ'!$E$6,'Thể lệ'!$E$6))) -> 10000 | CL22: =if($F22=$G22,if(and($F22=$G22,AG22<>AH22),'Thể lệ'!$E$6,if($F22=AG22,0,0.5*'Thể lệ'!$E$6)),if(and($F22=AG22,$G22=AH22),"0",if(($F22-$G22)*(AG22-AH22)>0,0.5*'Thể lệ'!$E$6,'Thể lệ'!$E$6))) -> 0 | CN22: =if($F22=$G22,if(and($F22=$G22,AI22<>AJ22),'Thể lệ'!$E$6,if($F22=AI22,0,0.5*'Thể lệ'!$E$6)),if(and($F22=AI22,$G22=AJ22),"0",if(($F22-$G22)*(AI22-AJ22)>0,0.5*'Thể lệ'!$E$6,'Thể lệ'!$E$6))) -> 0 | CP22: =if($F22=$G22,if(and($F22=$G22,AK22<>AL22),'Thể lệ'!$E$6,if($F22=AK22,0,0.5*'Thể lệ'!$E$6)),if(and($F22=AK22,$G22=AL22),"0",if(($F22-$G22)*(AK22-AL22)>0,0.5*'Thể lệ'!$E$6,'Thể lệ'!$E$6))) -> 10000 | CR22: =if($F22=$G22,if(and($F22=$G22,AM22<>AN22),'Thể lệ'!$E$6,if($F22=AM22,0,0.5*'Thể lệ'!$E$6)),if(and($F22=AM22,$G22=AN22),"0",if(($F22-$G22)*(AM22-AN22)>0,0.5*'Thể lệ'!$E$6,'Thể lệ'!$E$6))) -> 0 | CT22: =if($F22=$G22,if(and($F22=$G22,AO22<>AP22),'Thể lệ'!$E$6,if($F22=AO22,0,0.5*'Thể lệ'!$E$6)),if(and($F22=AO22,$G22=AP22),"0",if(($F22-$G22)*(AO22-AP22)>0,0.5*'Thể lệ'!$E$6,'Thể lệ'!$E$6))) -> 10000 | CV22: =if($F22=$G22,if(and($F22=$G22,AQ22<>AR22),'Thể lệ'!$E$6,if($F22=AQ22,0,0.5*'Thể lệ'!$E$6)),if(and($F22=AQ22,$G22=AR22),"0",if(($F22-$G22)*(AQ22-AR22)>0,0.5*'Thể lệ'!$E$6,'Thể lệ'!$E$6))) -> 10000 | CX22: =if($F22=$G22,if(and($F22=$G22,AS22<>AT22),'Thể lệ'!$E$6,if($F22=AS22,0,0.5*'Thể lệ'!$E$6)),if(and($F22=AS22,$G22=AT22),"0",if(($F22-$G22)*(AS22-AT22)>0,0.5*'Thể lệ'!$E$6,'Thể lệ'!$E$6))) -> 5000 | CZ22: =if($F22=$G22,if(and($F22=$G22,AU22<>AV22),'Thể lệ'!$E$6,if($F22=AU22,0,0.5*'Thể lệ'!$E$6)),if(and($F22=AU22,$G22=AV22),"0",if(($F22-$G22)*(AU22-AV22)>0,0.5*'Thể lệ'!$E$6,'Thể lệ'!$E$6))) -> 0 | DB22: =if($F22=$G22,if(and($F22=$G22,AW22<>AX22),'Thể lệ'!$E$6,if($F22=AW22,0,0.5*'Thể lệ'!$E$6)),if(and($F22=AW22,$G22=AX22),"0",if(($F22-$G22)*(AW22-AX22)>0,0.5*'Thể lệ'!$E$6,'Thể lệ'!$E$6))) -> 0 | DD22: =if($F22=$G22,if(and($F22=$G22,AY22<>AZ22),'Thể lệ'!$E$6,if($F22=AY22,0,0.5*'Thể lệ'!$E$6)),if(and($F22=AY22,$G22=AZ22),"0",if(($F22-$G22)*(AY22-AZ22)>0,0.5*'Thể lệ'!$E$6,'Thể lệ'!$E$6))) -> 0 | DF22: =if($F22=$G22,if(and($F22=$G22,BA22<>BB22),'Thể lệ'!$E$6,if($F22=BA22,0,0.5*'Thể lệ'!$E$6)),if(and($F22=BA22,$G22=BB22),"0",if(($F22-$G22)*(BA22-BB22)>0,0.5*'Thể lệ'!$E$6,'Thể lệ'!$E$6))) -> 10000 | DH22: =if($F22=$G22,if(and($F22=$G22,BC22<>BD22),'Thể lệ'!$E$6,if($F22=BC22,0,0.5*'Thể lệ'!$E$6)),if(and($F22=BC22,$G22=BD22),"0",if(($F22-$G22)*(BC22-BD22)>0,0.5*'Thể lệ'!$E$6,'Thể lệ'!$E$6))) -> 10000 | DJ22: =if($F22=$G22,if(and($F22=$G22,BE22<>BF22),'Thể lệ'!$E$6,if($F22=BE22,0,0.5*'Thể lệ'!$E$6)),if(and($F22=BE22,$G22=BF22),"0",if(($F22-$G22)*(BE22-BF22)>0,0.5*'Thể lệ'!$E$6,'Thể lệ'!$E$6))) -> 10000 | DL22: =if($F22=$G22,if(and($F22=$G22,BG22<>BH22),'Thể lệ'!$E$6,if($F22=BG22,0,0.5*'Thể lệ'!$E$6)),if(and($F22=BG22,$G22=BH22),"0",if(($F22-$G22)*(BG22-BH22)>0,0.5*'Thể lệ'!$E$6,'Thể lệ'!$E$6))) -> 0 | DN22: =if($F22=$G22,if(and($F22=$G22,BI22<>BJ22),'Thể lệ'!$E$6,if($F22=BI22,0,0.5*'Thể lệ'!$E$6)),if(and($F22=BI22,$G22=BJ22),"0",if(($F22-$G22)*(BI22-BJ22)>0,0.5*'Thể lệ'!$E$6,'Thể lệ'!$E$6))) -> 10000
B23: 17 | C23: 46190.083 | D23: 46190.083 | E23: France | H23: Senegal | Q23: =AE23 -> 2 | R23: =AF23 -> 1 | S23: 2 | T23: 1 | U23: 2 | V23: 1 | W23: 2 | X23: 1 | Y23: 2 | Z23: 1 | AE23: 2 | AF23: 1 | AK23: 2 | AL23: 0 | AO23: 2 | AP23: 2 | AQ23: =BE23 -> 2 | AR23: =BF23 -> 1 | AS23: 3 | AT23: 0 | BA23: 2 | BB23: 1 | BC23: 2 | BD23: 1 | BE23: 2 | BF23: 1 | BI23: =H.Son!H23 -> 2 | BJ23: =H.Son!I23 -> 1 | BN23: =if($F23=$G23,if(and($F23=$G23,I23<>J23),'Thể lệ'!$E$6,if($F23=I23,0,0.5*'Thể lệ'!$E$6)),if(and($F23=I23,$G23=J23),"0",if(($F23-$G23)*(I23-J23)>0,0.5*'Thể lệ'!$E$6,'Thể lệ'!$E$6))) -> 0 | BP23: =if($F23=$G23,if(and($F23=$G23,K23<>L23),'Thể lệ'!$E$6,if($F23=K23,0,0.5*'Thể lệ'!$E$6)),if(and($F23=K23,$G23=L23),"0",if(($F23-$G23)*(K23-L23)>0,0.5*'Thể lệ'!$E$6,'Thể lệ'!$E$6))) -> 0 | BR23: =if($F23=$G23,if(and($F23=$G23,M23<>N23),'Thể lệ'!$E$6,if($F23=M23,0,0.5*'Thể lệ'!$E$6)),if(and($F23=M23,$G23=N23),"0",if(($F23-$G23)*(M23-N23)>0,0.5*'Thể lệ'!$E$6,'Thể lệ'!$E$6))) -> 0 | BT23: =if($F23=$G23,if(and($F23=$G23,O23<>P23),'Thể lệ'!$E$6,if($F23=O23,0,0.5*'Thể lệ'!$E$6)),if(and($F23=O23,$G23=P23),"0",if(($F23-$G23)*(O23-P23)>0,0.5*'Thể lệ'!$E$6,'Thể lệ'!$E$6))) -> 0 | BV23: =if($F23=$G23,if(and($F23=$G23,Q23<>R23),'Thể lệ'!$E$6,if($F23=Q23,0,0.5*'Thể lệ'!$E$6)),if(and($F23=Q23,$G23=R23),"0",if(($F23-$G23)*(Q23-R23)>0,0.5*'Thể lệ'!$E$6,'Thể lệ'!$E$6))) -> 10000 | BX23: =if($F23=$G23,if(and($F23=$G23,S23<>T23),'Thể lệ'!$E$6,if($F23=S23,0,0.5*'Thể lệ'!$E$6)),if(and($F23=S23,$G23=T23),"0",if(($F23-$G23)*(S23-T23)>0,0.5*'Thể lệ'!$E$6,'Thể lệ'!$E$6))) -> 10000 | BZ23: =if($F23=$G23,if(and($F23=$G23,U23<>V23),'Thể lệ'!$E$6,if($F23=U23,0,0.5*'Thể lệ'!$E$6)),if(and($F23=U23,$G23=V23),"0",if(($F23-$G23)*(U23-V23)>0,0.5*'Thể lệ'!$E$6,'Thể lệ'!$E$6))) -> 10000 | CB23: =if($F23=$G23,if(and($F23=$G23,W23<>X23),'Thể lệ'!$E$6,if($F23=W23,0,0.5*'Thể lệ'!$E$6)),if(and($F23=W23,$G23=X23),"0",if(($F23-$G23)*(W23-X23)>0,0.5*'Thể lệ'!$E$6,'Thể lệ'!$E$6))) -> 10000 | CD23: =if($F23=$G23,if(and($F23=$G23,Y23<>Z23),'Thể lệ'!$E$6,if($F23=Y23,0,0.5*'Thể lệ'!$E$6)),if(and($F23=Y23,$G23=Z23),"0",if(($F23-$G23)*(Y23-Z23)>0,0.5*'Thể lệ'!$E$6,'Thể lệ'!$E$6))) -> 10000 | CF23: =if($F23=$G23,if(and($F23=$G23,AA23<>AB23),'Thể lệ'!$E$6,if($F23=AA23,0,0.5*'Thể lệ'!$E$6)),if(and($F23=AA23,$G23=AB23),"0",if(($F23-$G23)*(AA23-AB23)>0,0.5*'Thể lệ'!$E$6,'Thể lệ'!$E$6))) -> 0 | CH23: =if($F23=$G23,if(and($F23=$G23,AC23<>AD23),'Thể lệ'!$E$6,if($F23=AC23,0,0.5*'Thể lệ'!$E$6)),if(and($F23=AC23,$G23=AD23),"0",if(($F23-$G23)*(AC23-AD23)>0,0.5*'Thể lệ'!$E$6,'Thể lệ'!$E$6))) -> 0 | CJ23: =if($F23=$G23,if(and($F23=$G23,AE23<>AF23),'Thể lệ'!$E$6,if($F23=AE23,0,0.5*'Thể lệ'!$E$6)),if(and($F23=AE23,$G23=AF23),"0",if(($F23-$G23)*(AE23-AF23)>0,0.5*'Thể lệ'!$E$6,'Thể lệ'!$E$6))) -> 10000 | CL23: =if($F23=$G23,if(and($F23=$G23,AG23<>AH23),'Thể lệ'!$E$6,if($F23=AG23,0,0.5*'Thể lệ'!$E$6)),if(and($F23=AG23,$G23=AH23),"0",if(($F23-$G23)*(AG23-AH23)>0,0.5*'Thể lệ'!$E$6,'Thể lệ'!$E$6))) -> 0 | CN23: =if($F23=$G23,if(and($F23=$G23,AI23<>AJ23),'Thể lệ'!$E$6,if($F23=AI23,0,0.5*'Thể lệ'!$E$6)),if(and($F23=AI23,$G23=AJ23),"0",if(($F23-$G23)*(AI23-AJ23)>0,0.5*'Thể lệ'!$E$6,'Thể lệ'!$E$6))) -> 0 | CP23: =if($F23=$G23,if(and($F23=$G23,AK23<>AL23),'Thể lệ'!$E$6,if($F23=AK23,0,0.5*'Thể lệ'!$E$6)),if(and($F23=AK23,$G23=AL23),"0",if(($F23-$G23)*(AK23-AL23)>0,0.5*'Thể lệ'!$E$6,'Thể lệ'!$E$6))) -> 10000 | CR23: =if($F23=$G23,if(and($F23=$G23,AM23<>AN23),'Thể lệ'!$E$6,if($F23=AM23,0,0.5*'Thể lệ'!$E$6)),if(and($F23=AM23,$G23=AN23),"0",if(($F23-$G23)*(AM23-AN23)>0,0.5*'Thể lệ'!$E$6,'Thể lệ'!$E$6))) -> 0 | CT23: =if($F23=$G23,if(and($F23=$G23,AO23<>AP23),'Thể lệ'!$E$6,if($F23=AO23,0,0.5*'Thể lệ'!$E$6)),if(and($F23=AO23,$G23=AP23),"0",if(($F23-$G23)*(AO23-AP23)>0,0.5*'Thể lệ'!$E$6,'Thể lệ'!$E$6))) -> 5000 | CV23: =if($F23=$G23,if(and($F23=$G23,AQ23<>AR23),'Thể lệ'!$E$6,if($F23=AQ23,0,0.5*'Thể lệ'!$E$6)),if(and($F23=AQ23,$G23=AR23),"0",if(($F23-$G23)*(AQ23-AR23)>0,0.5*'Thể lệ'!$E$6,'Thể lệ'!$E$6))) -> 10000 | CX23: =if($F23=$G23,if(and($F23=$G23,AS23<>AT23),'Thể lệ'!$E$6,if($F23=AS23,0,0.5*'Thể lệ'!$E$6)),if(and($F23=AS23,$G23=AT23),"0",if(($F23-$G23)*(AS23-AT23)>0,0.5*'Thể lệ'!$E$6,'Thể lệ'!$E$6))) -> 10000 | CZ23: =if($F23=$G23,if(and($F23=$G23,AU23<>AV23),'Thể lệ'!$E$6,if($F23=AU23,0,0.5*'Thể lệ'!$E$6)),if(and($F23=AU23,$G23=AV23),"0",if(($F23-$G23)*(AU23-AV23)>0,0.5*'Thể lệ'!$E$6,'Thể lệ'!$E$6))) -> 0 | DB23: =if($F23=$G23,if(and($F23=$G23,AW23<>AX23),'Thể lệ'!$E$6,if($F23=AW23,0,0.5*'Thể lệ'!$E$6)),if(and($F23=AW23,$G23=AX23),"0",if(($F23-$G23)*(AW23-AX23)>0,0.5*'Thể lệ'!$E$6,'Thể lệ'!$E$6))) -> 0 | DD23: =if($F23=$G23,if(and($F23=$G23,AY23<>AZ23),'Thể lệ'!$E$6,if($F23=AY23,0,0.5*'Thể lệ'!$E$6)),if(and($F23=AY23,$G23=AZ23),"0",if(($F23-$G23)*(AY23-AZ23)>0,0.5*'Thể lệ'!$E$6,'Thể lệ'!$E$6))) -> 0 | DF23: =if($F23=$G23,if(and($F23=$G23,BA23<>BB23),'Thể lệ'!$E$6,if($F23=BA23,0,0.5*'Thể lệ'!$E$6)),if(and($F23=BA23,$G23=BB23),"0",if(($F23-$G23)*(BA23-BB23)>0,0.5*'Thể lệ'!$E$6,'Thể lệ'!$E$6))) -> 10000 | DH23: =if($F23=$G23,if(and($F23=$G23,BC23<>BD23),'Thể lệ'!$E$6,if($F23=BC23,0,0.5*'Thể lệ'!$E$6)),if(and($F23=BC23,$G23=BD23),"0",if(($F23-$G23)*(BC23-BD23)>0,0.5*'Thể lệ'!$E$6,'Thể lệ'!$E$6))) -> 10000 | DJ23: =if($F23=$G23,if(and($F23=$G23,BE23<>BF23),'Thể lệ'!$E$6,if($F23=BE23,0,0.5*'Thể lệ'!$E$6)),if(and($F23=BE23,$G23=BF23),"0",if(($F23-$G23)*(BE23-BF23)>0,0.5*'Thể lệ'!$E$6,'Thể lệ'!$E$6))) -> 10000 | DL23: =if($F23=$G23,if(and($F23=$G23,BG23<>BH23),'Thể lệ'!$E$6,if($F23=BG23,0,0.5*'Thể lệ'!$E$6)),if(and($F23=BG23,$G23=BH23),"0",if(($F23-$G23)*(BG23-BH23)>0,0.5*'Thể lệ'!$E$6,'Thể lệ'!$E$6))) -> 0 | DN23: =if($F23=$G23,if(and($F23=$G23,BI23<>BJ23),'Thể lệ'!$E$6,if($F23=BI23,0,0.5*'Thể lệ'!$E$6)),if(and($F23=BI23,$G23=BJ23),"0",if(($F23-$G23)*(BI23-BJ23)>0,0.5*'Thể lệ'!$E$6,'Thể lệ'!$E$6))) -> 10000
B24: 18 | C24: 46190.208 | D24: 46190.208 | E24: Iraq | H24: Norway | Q24: =AE24 -> 1 | R24: =AF24 -> 0 | S24: 1 | T24: 2 | U24: 1 | V24: 1 | W24: 1 | X24: 1 | Y24: 2 | Z24: 1 | AE24: 1 | AF24: 0 | AK24: 1 | AL24: 1 | AO24: 3 | AP24: 3 | AQ24: =BE24 -> 1 | AR24: =BF24 -> 0 | AS24: 0 | AT24: 2 | BA24: 1 | BB24: 0 | BC24: 0 | BD24: 3 | BE24: 1 | BF24: 0 | BI24: =H.Son!H24 -> 0 | BJ24: =H.Son!I24 -> 2 | BN24: =if($F24=$G24,if(and($F24=$G24,I24<>J24),'Thể lệ'!$E$6,if($F24=I24,0,0.5*'Thể lệ'!$E$6)),if(and($F24=I24,$G24=J24),"0",if(($F24-$G24)*(I24-J24)>0,0.5*'Thể lệ'!$E$6,'Thể lệ'!$E$6))) -> 0 | BP24: =if($F24=$G24,if(and($F24=$G24,K24<>L24),'Thể lệ'!$E$6,if($F24=K24,0,0.5*'Thể lệ'!$E$6)),if(and($F24=K24,$G24=L24),"0",if(($F24-$G24)*(K24-L24)>0,0.5*'Thể lệ'!$E$6,'Thể lệ'!$E$6))) -> 0 | BR24: =if($F24=$G24,if(and($F24=$G24,M24<>N24),'Thể lệ'!$E$6,if($F24=M24,0,0.5*'Thể lệ'!$E$6)),if(and($F24=M24,$G24=N24),"0",if(($F24-$G24)*(M24-N24)>0,0.5*'Thể lệ'!$E$6,'Thể lệ'!$E$6))) -> 0 | BT24: =if($F24=$G24,if(and($F24=$G24,O24<>P24),'Thể lệ'!$E$6,if($F24=O24,0,0.5*'Thể lệ'!$E$6)),if(and($F24=O24,$G24=P24),"0",if(($F24-$G24)*(O24-P24)>0,0.5*'Thể lệ'!$E$6,'Thể lệ'!$E$6))) -> 0 | BV24: =if($F24=$G24,if(and($F24=$G24,Q24<>R24),'Thể lệ'!$E$6,if($F24=Q24,0,0.5*'Thể lệ'!$E$6)),if(and($F24=Q24,$G24=R24),"0",if(($F24-$G24)*(Q24-R24)>0,0.5*'Thể lệ'!$E$6,'Thể lệ'!$E$6))) -> 10000 | BX24: =if($F24=$G24,if(and($F24=$G24,S24<>T24),'Thể lệ'!$E$6,if($F24=S24,0,0.5*'Thể lệ'!$E$6)),if(and($F24=S24,$G24=T24),"0",if(($F24-$G24)*(S24-T24)>0,0.5*'Thể lệ'!$E$6,'Thể lệ'!$E$6))) -> 10000 | BZ24: =if($F24=$G24,if(and($F24=$G24,U24<>V24),'Thể lệ'!$E$6,if($F24=U24,0,0.5*'Thể lệ'!$E$6)),if(and($F24=U24,$G24=V24),"0",if(($F24-$G24)*(U24-V24)>0,0.5*'Thể lệ'!$E$6,'Thể lệ'!$E$6))) -> 5000 | CB24: =if($F24=$G24,if(and($F24=$G24,W24<>X24),'Thể lệ'!$E$6,if($F24=W24,0,0.5*'Thể lệ'!$E$6)),if(and($F24=W24,$G24=X24),"0",if(($F24-$G24)*(W24-X24)>0,0.5*'Thể lệ'!$E$6,'Thể lệ'!$E$6))) -> 5000 | CD24: =if($F24=$G24,if(and($F24=$G24,Y24<>Z24),'Thể lệ'!$E$6,if($F24=Y24,0,0.5*'Thể lệ'!$E$6)),if(and($F24=Y24,$G24=Z24),"0",if(($F24-$G24)*(Y24-Z24)>0,0.5*'Thể lệ'!$E$6,'Thể lệ'!$E$6))) -> 10000 | CF24: =if($F24=$G24,if(and($F24=$G24,AA24<>AB24),'Thể lệ'!$E$6,if($F24=AA24,0,0.5*'Thể lệ'!$E$6)),if(and($F24=AA24,$G24=AB24),"0",if(($F24-$G24)*(AA24-AB24)>0,0.5*'Thể lệ'!$E$6,'Thể lệ'!$E$6))) -> 0 | CH24: =if($F24=$G24,if(and($F24=$G24,AC24<>AD24),'Thể lệ'!$E$6,if($F24=AC24,0,0.5*'Thể lệ'!$E$6)),if(and($F24=AC24,$G24=AD24),"0",if(($F24-$G24)*(AC24-AD24)>0,0.5*'Thể lệ'!$E$6,'Thể lệ'!$E$6))) -> 0 | CJ24: =if($F24=$G24,if(and($F24=$G24,AE24<>AF24),'Thể lệ'!$E$6,if($F24=AE24,0,0.5*'Thể lệ'!$E$6)),if(and($F24=AE24,$G24=AF24),"0",if(($F24-$G24)*(AE24-AF24)>0,0.5*'Thể lệ'!$E$6,'Thể lệ'!$E$6))) -> 10000 | CL24: =if($F24=$G24,if(and($F24=$G24,AG24<>AH24),'Thể lệ'!$E$6,if($F24=AG24,0,0.5*'Thể lệ'!$E$6)),if(and($F24=AG24,$G24=AH24),"0",if(($F24-$G24)*(AG24-AH24)>0,0.5*'Thể lệ'!$E$6,'Thể lệ'!$E$6))) -> 0 | CN24: =if($F24=$G24,if(and($F24=$G24,AI24<>AJ24),'Thể lệ'!$E$6,if($F24=AI24,0,0.5*'Thể lệ'!$E$6)),if(and($F24=AI24,$G24=AJ24),"0",if(($F24-$G24)*(AI24-AJ24)>0,0.5*'Thể lệ'!$E$6,'Thể lệ'!$E$6))) -> 0 | CP24: =if($F24=$G24,if(and($F24=$G24,AK24<>AL24),'Thể lệ'!$E$6,if($F24=AK24,0,0.5*'Thể lệ'!$E$6)),if(and($F24=AK24,$G24=AL24),"0",if(($F24-$G24)*(AK24-AL24)>0,0.5*'Thể lệ'!$E$6,'Thể lệ'!$E$6))) -> 5000 | CR24: =if($F24=$G24,if(and($F24=$G24,AM24<>AN24),'Thể lệ'!$E$6,if($F24=AM24,0,0.5*'Thể lệ'!$E$6)),if(and($F24=AM24,$G24=AN24),"0",if(($F24-$G24)*(AM24-AN24)>0,0.5*'Thể lệ'!$E$6,'Thể lệ'!$E$6))) -> 0 | CT24: =if($F24=$G24,if(and($F24=$G24,AO24<>AP24),'Thể lệ'!$E$6,if($F24=AO24,0,0.5*'Thể lệ'!$E$6)),if(and($F24=AO24,$G24=AP24),"0",if(($F24-$G24)*(AO24-AP24)>0,0.5*'Thể lệ'!$E$6,'Thể lệ'!$E$6))) -> 5000 | CV24: =if($F24=$G24,if(and($F24=$G24,AQ24<>AR24),'Thể lệ'!$E$6,if($F24=AQ24,0,0.5*'Thể lệ'!$E$6)),if(and($F24=AQ24,$G24=AR24),"0",if(($F24-$G24)*(AQ24-AR24)>0,0.5*'Thể lệ'!$E$6,'Thể lệ'!$E$6))) -> 10000 | CX24: =if($F24=$G24,if(and($F24=$G24,AS24<>AT24),'Thể lệ'!$E$6,if($F24=AS24,0,0.5*'Thể lệ'!$E$6)),if(and($F24=AS24,$G24=AT24),"0",if(($F24-$G24)*(AS24-AT24)>0,0.5*'Thể lệ'!$E$6,'Thể lệ'!$E$6))) -> 10000 | CZ24: =if($F24=$G24,if(and($F24=$G24,AU24<>AV24),'Thể lệ'!$E$6,if($F24=AU24,0,0.5*'Thể lệ'!$E$6)),if(and($F24=AU24,$G24=AV24),"0",if(($F24-$G24)*(AU24-AV24)>0,0.5*'Thể lệ'!$E$6,'Thể lệ'!$E$6))) -> 0 | DB24: =if($F24=$G24,if(and($F24=$G24,AW24<>AX24),'Thể lệ'!$E$6,if($F24=AW24,0,0.5*'Thể lệ'!$E$6)),if(and($F24=AW24,$G24=AX24),"0",if(($F24-$G24)*(AW24-AX24)>0,0.5*'Thể lệ'!$E$6,'Thể lệ'!$E$6))) -> 0 | DD24: =if($F24=$G24,if(and($F24=$G24,AY24<>AZ24),'Thể lệ'!$E$6,if($F24=AY24,0,0.5*'Thể lệ'!$E$6)),if(and($F24=AY24,$G24=AZ24),"0",if(($F24-$G24)*(AY24-AZ24)>0,0.5*'Thể lệ'!$E$6,'Thể lệ'!$E$6))) -> 0 | DF24: =if($F24=$G24,if(and($F24=$G24,BA24<>BB24),'Thể lệ'!$E$6,if($F24=BA24,0,0.5*'Thể lệ'!$E$6)),if(and($F24=BA24,$G24=BB24),"0",if(($F24-$G24)*(BA24-BB24)>0,0.5*'Thể lệ'!$E$6,'Thể lệ'!$E$6))) -> 10000 | DH24: =if($F24=$G24,if(and($F24=$G24,BC24<>BD24),'Thể lệ'!$E$6,if($F24=BC24,0,0.5*'Thể lệ'!$E$6)),if(and($F24=BC24,$G24=BD24),"0",if(($F24-$G24)*(BC24-BD24)>0,0.5*'Thể lệ'!$E$6,'Thể lệ'!$E$6))) -> 10000 | DJ24: =if($F24=$G24,if(and($F24=$G24,BE24<>BF24),'Thể lệ'!$E$6,if($F24=BE24,0,0.5*'Thể lệ'!$E$6)),if(and($F24=BE24,$G24=BF24),"0",if(($F24-$G24)*(BE24-BF24)>0,0.5*'Thể lệ'!$E$6,'Thể lệ'!$E$6))) -> 10000 | DL24: =if($F24=$G24,if(and($F24=$G24,BG24<>BH24),'Thể lệ'!$E$6,if($F24=BG24,0,0.5*'Thể lệ'!$E$6)),if(and($F24=BG24,$G24=BH24),"0",if(($F24-$G24)*(BG24-BH24)>0,0.5*'Thể lệ'!$E$6,'Thể lệ'!$E$6))) -> 0 | DN24: =if($F24=$G24,if(and($F24=$G24,BI24<>BJ24),'Thể lệ'!$E$6,if($F24=BI24,0,0.5*'Thể lệ'!$E$6)),if(and($F24=BI24,$G24=BJ24),"0",if(($F24-$G24)*(BI24-BJ24)>0,0.5*'Thể lệ'!$E$6,'Thể lệ'!$E$6))) -> 10000
B25: 19 | C25: 46190.333 | D25: 46190.333 | E25: Argentina | H25: Algeria | Q25: =AE25 -> 1 | R25: =AF25 -> 0 | S25: 3 | T25: 0 | U25: 2 | V25: 0 | W25: 2 | X25: 0 | Y25: 2 | Z25: 0 | AE25: 1 | AF25: 0 | AK25: 2 | AL25: 1 | AO25: 2 | AP25: 1 | AQ25: =BE25 -> 1 | AR25: =BF25 -> 0 | AS25: 3 | AT25: 0 | BA25: 2 | BB25: 1 | BC25: 3 | BD25: 0 | BE25: 1 | BF25: 0 | BI25: =H.Son!H25 -> 3 | BJ25: =H.Son!I25 -> 0 | BN25: =if($F25=$G25,if(and($F25=$G25,I25<>J25),'Thể lệ'!$E$6,if($F25=I25,0,0.5*'Thể lệ'!$E$6)),if(and($F25=I25,$G25=J25),"0",if(($F25-$G25)*(I25-J25)>0,0.5*'Thể lệ'!$E$6,'Thể lệ'!$E$6))) -> 0 | BP25: =if($F25=$G25,if(and($F25=$G25,K25<>L25),'Thể lệ'!$E$6,if($F25=K25,0,0.5*'Thể lệ'!$E$6)),if(and($F25=K25,$G25=L25),"0",if(($F25-$G25)*(K25-L25)>0,0.5*'Thể lệ'!$E$6,'Thể lệ'!$E$6))) -> 0 | BR25: =if($F25=$G25,if(and($F25=$G25,M25<>N25),'Thể lệ'!$E$6,if($F25=M25,0,0.5*'Thể lệ'!$E$6)),if(and($F25=M25,$G25=N25),"0",if(($F25-$G25)*(M25-N25)>0,0.5*'Thể lệ'!$E$6,'Thể lệ'!$E$6))) -> 0 | BT25: =if($F25=$G25,if(and($F25=$G25,O25<>P25),'Thể lệ'!$E$6,if($F25=O25,0,0.5*'Thể lệ'!$E$6)),if(and($F25=O25,$G25=P25),"0",if(($F25-$G25)*(O25-P25)>0,0.5*'Thể lệ'!$E$6,'Thể lệ'!$E$6))) -> 0 | BV25: =if($F25=$G25,if(and($F25=$G25,Q25<>R25),'Thể lệ'!$E$6,if($F25=Q25,0,0.5*'Thể lệ'!$E$6)),if(and($F25=Q25,$G25=R25),"0",if(($F25-$G25)*(Q25-R25)>0,0.5*'Thể lệ'!$E$6,'Thể lệ'!$E$6))) -> 10000 | BX25: =if($F25=$G25,if(and($F25=$G25,S25<>T25),'Thể lệ'!$E$6,if($F25=S25,0,0.5*'Thể lệ'!$E$6)),if(and($F25=S25,$G25=T25),"0",if(($F25-$G25)*(S25-T25)>0,0.5*'Thể lệ'!$E$6,'Thể lệ'!$E$6))) -> 10000 | BZ25: =if($F25=$G25,if(and($F25=$G25,U25<>V25),'Thể lệ'!$E$6,if($F25=U25,0,0.5*'Thể lệ'!$E$6)),if(and($F25=U25,$G25=V25),"0",if(($F25-$G25)*(U25-V25)>0,0.5*'Thể lệ'!$E$6,'Thể lệ'!$E$6))) -> 10000 | CB25: =if($F25=$G25,if(and($F25=$G25,W25<>X25),'Thể lệ'!$E$6,if($F25=W25,0,0.5*'Thể lệ'!$E$6)),if(and($F25=W25,$G25=X25),"0",if(($F25-$G25)*(W25-X25)>0,0.5*'Thể lệ'!$E$6,'Thể lệ'!$E$6))) -> 10000 | CD25: =if($F25=$G25,if(and($F25=$G25,Y25<>Z25),'Thể lệ'!$E$6,if($F25=Y25,0,0.5*'Thể lệ'!$E$6)),if(and($F25=Y25,$G25=Z25),"0",if(($F25-$G25)*(Y25-Z25)>0,0.5*'Thể lệ'!$E$6,'Thể lệ'!$E$6))) -> 10000 | CF25: =if($F25=$G25,if(and($F25=$G25,AA25<>AB25),'Thể lệ'!$E$6,if($F25=AA25,0,0.5*'Thể lệ'!$E$6)),if(and($F25=AA25,$G25=AB25),"0",if(($F25-$G25)*(AA25-AB25)>0,0.5*'Thể lệ'!$E$6,'Thể lệ'!$E$6))) -> 0 | CH25: =if($F25=$G25,if(and($F25=$G25,AC25<>AD25),'Thể lệ'!$E$6,if($F25=AC25,0,0.5*'Thể lệ'!$E$6)),if(and($F25=AC25,$G25=AD25),"0",if(($F25-$G25)*(AC25-AD25)>0,0.5*'Thể lệ'!$E$6,'Thể lệ'!$E$6))) -> 0 | CJ25: =if($F25=$G25,if(and($F25=$G25,AE25<>AF25),'Thể lệ'!$E$6,if($F25=AE25,0,0.5*'Thể lệ'!$E$6)),if(and($F25=AE25,$G25=AF25),"0",if(($F25-$G25)*(AE25-AF25)>0,0.5*'Thể lệ'!$E$6,'Thể lệ'!$E$6))) -> 10000 | CL25: =if($F25=$G25,if(and($F25=$G25,AG25<>AH25),'Thể lệ'!$E$6,if($F25=AG25,0,0.5*'Thể lệ'!$E$6)),if(and($F25=AG25,$G25=AH25),"0",if(($F25-$G25)*(AG25-AH25)>0,0.5*'Thể lệ'!$E$6,'Thể lệ'!$E$6))) -> 0 | CN25: =if($F25=$G25,if(and($F25=$G25,AI25<>AJ25),'Thể lệ'!$E$6,if($F25=AI25,0,0.5*'Thể lệ'!$E$6)),if(and($F25=AI25,$G25=AJ25),"0",if(($F25-$G25)*(AI25-AJ25)>0,0.5*'Thể lệ'!$E$6,'Thể lệ'!$E$6))) -> 0 | CP25: =if($F25=$G25,if(and($F25=$G25,AK25<>AL25),'Thể lệ'!$E$6,if($F25=AK25,0,0.5*'Thể lệ'!$E$6)),if(and($F25=AK25,$G25=AL25),"0",if(($F25-$G25)*(AK25-AL25)>0,0.5*'Thể lệ'!$E$6,'Thể lệ'!$E$6))) -> 10000 | CR25: =if($F25=$G25,if(and($F25=$G25,AM25<>AN25),'Thể lệ'!$E$6,if($F25=AM25,0,0.5*'Thể lệ'!$E$6)),if(and($F25=AM25,$G25=AN25),"0",if(($F25-$G25)*(AM25-AN25)>0,0.5*'Thể lệ'!$E$6,'Thể lệ'!$E$6))) -> 0 | CT25: =if($F25=$G25,if(and($F25=$G25,AO25<>AP25),'Thể lệ'!$E$6,if($F25=AO25,0,0.5*'Thể lệ'!$E$6)),if(and($F25=AO25,$G25=AP25),"0",if(($F25-$G25)*(AO25-AP25)>0,0.5*'Thể lệ'!$E$6,'Thể lệ'!$E$6))) -> 10000 | CV25: =if($F25=$G25,if(and($F25=$G25,AQ25<>AR25),'Thể lệ'!$E$6,if($F25=AQ25,0,0.5*'Thể lệ'!$E$6)),if(and($F25=AQ25,$G25=AR25),"0",if(($F25-$G25)*(AQ25-AR25)>0,0.5*'Thể lệ'!$E$6,'Thể lệ'!$E$6))) -> 10000 | CX25: =if($F25=$G25,if(and($F25=$G25,AS25<>AT25),'Thể lệ'!$E$6,if($F25=AS25,0,0.5*'Thể lệ'!$E$6)),if(and($F25=AS25,$G25=AT25),"0",if(($F25-$G25)*(AS25-AT25)>0,0.5*'Thể lệ'!$E$6,'Thể lệ'!$E$6))) -> 10000 | CZ25: =if($F25=$G25,if(and($F25=$G25,AU25<>AV25),'Thể lệ'!$E$6,if($F25=AU25,0,0.5*'Thể lệ'!$E$6)),if(and($F25=AU25,$G25=AV25),"0",if(($F25-$G25)*(AU25-AV25)>0,0.5*'Thể lệ'!$E$6,'Thể lệ'!$E$6))) -> 0 | DB25: =if($F25=$G25,if(and($F25=$G25,AW25<>AX25),'Thể lệ'!$E$6,if($F25=AW25,0,0.5*'Thể lệ'!$E$6)),if(and($F25=AW25,$G25=AX25),"0",if(($F25-$G25)*(AW25-AX25)>0,0.5*'Thể lệ'!$E$6,'Thể lệ'!$E$6))) -> 0 | DD25: =if($F25=$G25,if(and($F25=$G25,AY25<>AZ25),'Thể lệ'!$E$6,if($F25=AY25,0,0.5*'Thể lệ'!$E$6)),if(and($F25=AY25,$G25=AZ25),"0",if(($F25-$G25)*(AY25-AZ25)>0,0.5*'Thể lệ'!$E$6,'Thể lệ'!$E$6))) -> 0 | DF25: =if($F25=$G25,if(and($F25=$G25,BA25<>BB25),'Thể lệ'!$E$6,if($F25=BA25,0,0.5*'Thể lệ'!$E$6)),if(and($F25=BA25,$G25=BB25),"0",if(($F25-$G25)*(BA25-BB25)>0,0.5*'Thể lệ'!$E$6,'Thể lệ'!$E$6))) -> 10000 | DH25: =if($F25=$G25,if(and($F25=$G25,BC25<>BD25),'Thể lệ'!$E$6,if($F25=BC25,0,0.5*'Thể lệ'!$E$6)),if(and($F25=BC25,$G25=BD25),"0",if(($F25-$G25)*(BC25-BD25)>0,0.5*'Thể lệ'!$E$6,'Thể lệ'!$E$6))) -> 10000 | DJ25: =if($F25=$G25,if(and($F25=$G25,BE25<>BF25),'Thể lệ'!$E$6,if($F25=BE25,0,0.5*'Thể lệ'!$E$6)),if(and($F25=BE25,$G25=BF25),"0",if(($F25-$G25)*(BE25-BF25)>0,0.5*'Thể lệ'!$E$6,'Thể lệ'!$E$6))) -> 10000 | DL25: =if($F25=$G25,if(and($F25=$G25,BG25<>BH25),'Thể lệ'!$E$6,if($F25=BG25,0,0.5*'Thể lệ'!$E$6)),if(and($F25=BG25,$G25=BH25),"0",if(($F25-$G25)*(BG25-BH25)>0,0.5*'Thể lệ'!$E$6,'Thể lệ'!$E$6))) -> 0 | DN25: =if($F25=$G25,if(and($F25=$G25,BI25<>BJ25),'Thể lệ'!$E$6,if($F25=BI25,0,0.5*'Thể lệ'!$E$6)),if(and($F25=BI25,$G25=BJ25),"0",if(($F25-$G25)*(BI25-BJ25)>0,0.5*'Thể lệ'!$E$6,'Thể lệ'!$E$6))) -> 10000
B26: 20 | C26: 46190.458 | D26: 46190.458 | E26: Austria | H26: Jordan | Q26: =AE26 | R26: =AF26 | S26: 2 | T26: 0 | Y26: 2 | Z26: 0 | AK26: 1 | AL26: 0 | AO26: 2 | AP26: 2 | AS26: 2 | AT26: 0 | BA26: 2 | BB26: 0 | BC26: 3 | BD26: 0 | BE26: 2 | BF26: 0 | BI26: =H.Son!H26 -> 1 | BJ26: =H.Son!I26 -> 0 | BN26: =if($F26=$G26,if(and($F26=$G26,I26<>J26),'Thể lệ'!$E$6,if($F26=I26,0,0.5*'Thể lệ'!$E$6)),if(and($F26=I26,$G26=J26),"0",if(($F26-$G26)*(I26-J26)>0,0.5*'Thể lệ'!$E$6,'Thể lệ'!$E$6))) -> 0 | BP26: =if($F26=$G26,if(and($F26=$G26,K26<>L26),'Thể lệ'!$E$6,if($F26=K26,0,0.5*'Thể lệ'!$E$6)),if(and($F26=K26,$G26=L26),"0",if(($F26-$G26)*(K26-L26)>0,0.5*'Thể lệ'!$E$6,'Thể lệ'!$E$6))) -> 0 | BR26: =if($F26=$G26,if(and($F26=$G26,M26<>N26),'Thể lệ'!$E$6,if($F26=M26,0,0.5*'Thể lệ'!$E$6)),if(and($F26=M26,$G26=N26),"0",if(($F26-$G26)*(M26-N26)>0,0.5*'Thể lệ'!$E$6,'Thể lệ'!$E$6))) -> 0 | BT26: =if($F26=$G26,if(and($F26=$G26,O26<>P26),'Thể lệ'!$E$6,if($F26=O26,0,0.5*'Thể lệ'!$E$6)),if(and($F26=O26,$G26=P26),"0",if(($F26-$G26)*(O26-P26)>0,0.5*'Thể lệ'!$E$6,'Thể lệ'!$E$6))) -> 0 | BV26: =if($F26=$G26,if(and($F26=$G26,Q26<>R26),'Thể lệ'!$E$6,if($F26=Q26,0,0.5*'Thể lệ'!$E$6)),if(and($F26=Q26,$G26=R26),"0",if(($F26-$G26)*(Q26-R26)>0,0.5*'Thể lệ'!$E$6,'Thể lệ'!$E$6))) -> 0 | BX26: =if($F26=$G26,if(and($F26=$G26,S26<>T26),'Thể lệ'!$E$6,if($F26=S26,0,0.5*'Thể lệ'!$E$6)),if(and($F26=S26,$G26=T26),"0",if(($F26-$G26)*(S26-T26)>0,0.5*'Thể lệ'!$E$6,'Thể lệ'!$E$6))) -> 10000 | BZ26: =if($F26=$G26,if(and($F26=$G26,U26<>V26),'Thể lệ'!$E$6,if($F26=U26,0,0.5*'Thể lệ'!$E$6)),if(and($F26=U26,$G26=V26),"0",if(($F26-$G26)*(U26-V26)>0,0.5*'Thể lệ'!$E$6,'Thể lệ'!$E$6))) -> 0 | CB26: =if($F26=$G26,if(and($F26=$G26,W26<>X26),'Thể lệ'!$E$6,if($F26=W26,0,0.5*'Thể lệ'!$E$6)),if(and($F26=W26,$G26=X26),"0",if(($F26-$G26)*(W26-X26)>0,0.5*'Thể lệ'!$E$6,'Thể lệ'!$E$6))) -> 0 | CD26: =if($F26=$G26,if(and($F26=$G26,Y26<>Z26),'Thể lệ'!$E$6,if($F26=Y26,0,0.5*'Thể lệ'!$E$6)),if(and($F26=Y26,$G26=Z26),"0",if(($F26-$G26)*(Y26-Z26)>0,0.5*'Thể lệ'!$E$6,'Thể lệ'!$E$6))) -> 10000 | CF26: =if($F26=$G26,if(and($F26=$G26,AA26<>AB26),'Thể lệ'!$E$6,if($F26=AA26,0,0.5*'Thể lệ'!$E$6)),if(and($F26=AA26,$G26=AB26),"0",if(($F26-$G26)*(AA26-AB26)>0,0.5*'Thể lệ'!$E$6,'Thể lệ'!$E$6))) -> 0 | CH26: =if($F26=$G26,if(and($F26=$G26,AC26<>AD26),'Thể lệ'!$E$6,if($F26=AC26,0,0.5*'Thể lệ'!$E$6)),if(and($F26=AC26,$G26=AD26),"0",if(($F26-$G26)*(AC26-AD26)>0,0.5*'Thể lệ'!$E$6,'Thể lệ'!$E$6))) -> 0 | CJ26: =if($F26=$G26,if(and($F26=$G26,AE26<>AF26),'Thể lệ'!$E$6,if($F26=AE26,0,0.5*'Thể lệ'!$E$6)),if(and($F26=AE26,$G26=AF26),"0",if(($F26-$G26)*(AE26-AF26)>0,0.5*'Thể lệ'!$E$6,'Thể lệ'!$E$6))) -> 0 | CL26: =if($F26=$G26,if(and($F26=$G26,AG26<>AH26),'Thể lệ'!$E$6,if($F26=AG26,0,0.5*'Thể lệ'!$E$6)),if(and($F26=AG26,$G26=AH26),"0",if(($F26-$G26)*(AG26-AH26)>0,0.5*'Thể lệ'!$E$6,'Thể lệ'!$E$6))) -> 0 | CN26: =if($F26=$G26,if(and($F26=$G26,AI26<>AJ26),'Thể lệ'!$E$6,if($F26=AI26,0,0.5*'Thể lệ'!$E$6)),if(and($F26=AI26,$G26=AJ26),"0",if(($F26-$G26)*(AI26-AJ26)>0,0.5*'Thể lệ'!$E$6,'Thể lệ'!$E$6))) -> 0 | CP26: =if($F26=$G26,if(and($F26=$G26,AK26<>AL26),'Thể lệ'!$E$6,if($F26=AK26,0,0.5*'Thể lệ'!$E$6)),if(and($F26=AK26,$G26=AL26),"0",if(($F26-$G26)*(AK26-AL26)>0,0.5*'Thể lệ'!$E$6,'Thể lệ'!$E$6))) -> 10000 | CR26: =if($F26=$G26,if(and($F26=$G26,AM26<>AN26),'Thể lệ'!$E$6,if($F26=AM26,0,0.5*'Thể lệ'!$E$6)),if(and($F26=AM26,$G26=AN26),"0",if(($F26-$G26)*(AM26-AN26)>0,0.5*'Thể lệ'!$E$6,'Thể lệ'!$E$6))) -> 0 | CT26: =if($F26=$G26,if(and($F26=$G26,AO26<>AP26),'Thể lệ'!$E$6,if($F26=AO26,0,0.5*'Thể lệ'!$E$6)),if(and($F26=AO26,$G26=AP26),"0",if(($F26-$G26)*(AO26-AP26)>0,0.5*'Thể lệ'!$E$6,'Thể lệ'!$E$6))) -> 5000 | CV26: =if($F26=$G26,if(and($F26=$G26,AQ26<>AR26),'Thể lệ'!$E$6,if($F26=AQ26,0,0.5*'Thể lệ'!$E$6)),if(and($F26=AQ26,$G26=AR26),"0",if(($F26-$G26)*(AQ26-AR26)>0,0.5*'Thể lệ'!$E$6,'Thể lệ'!$E$6))) -> 0 | CX26: =if($F26=$G26,if(and($F26=$G26,AS26<>AT26),'Thể lệ'!$E$6,if($F26=AS26,0,0.5*'Thể lệ'!$E$6)),if(and($F26=AS26,$G26=AT26),"0",if(($F26-$G26)*(AS26-AT26)>0,0.5*'Thể lệ'!$E$6,'Thể lệ'!$E$6))) -> 10000 | CZ26: =if($F26=$G26,if(and($F26=$G26,AU26<>AV26),'Thể lệ'!$E$6,if($F26=AU26,0,0.5*'Thể lệ'!$E$6)),if(and($F26=AU26,$G26=AV26),"0",if(($F26-$G26)*(AU26-AV26)>0,0.5*'Thể lệ'!$E$6,'Thể lệ'!$E$6))) -> 0 | DB26: =if($F26=$G26,if(and($F26=$G26,AW26<>AX26),'Thể lệ'!$E$6,if($F26=AW26,0,0.5*'Thể lệ'!$E$6)),if(and($F26=AW26,$G26=AX26),"0",if(($F26-$G26)*(AW26-AX26)>0,0.5*'Thể lệ'!$E$6,'Thể lệ'!$E$6))) -> 0 | DD26: =if($F26=$G26,if(and($F26=$G26,AY26<>AZ26),'Thể lệ'!$E$6,if($F26=AY26,0,0.5*'Thể lệ'!$E$6)),if(and($F26=AY26,$G26=AZ26),"0",if(($F26-$G26)*(AY26-AZ26)>0,0.5*'Thể lệ'!$E$6,'Thể lệ'!$E$6))) -> 0 | DF26: =if($F26=$G26,if(and($F26=$G26,BA26<>BB26),'Thể lệ'!$E$6,if($F26=BA26,0,0.5*'Thể lệ'!$E$6)),if(and($F26=BA26,$G26=BB26),"0",if(($F26-$G26)*(BA26-BB26)>0,0.5*'Thể lệ'!$E$6,'Thể lệ'!$E$6))) -> 10000 | DH26: =if($F26=$G26,if(and($F26=$G26,BC26<>BD26),'Thể lệ'!$E$6,if($F26=BC26,0,0.5*'Thể lệ'!$E$6)),if(and($F26=BC26,$G26=BD26),"0",if(($F26-$G26)*(BC26-BD26)>0,0.5*'Thể lệ'!$E$6,'Thể lệ'!$E$6))) -> 10000 | DJ26: =if($F26=$G26,if(and($F26=$G26,BE26<>BF26),'Thể lệ'!$E$6,if($F26=BE26,0,0.5*'Thể lệ'!$E$6)),if(and($F26=BE26,$G26=BF26),"0",if(($F26-$G26)*(BE26-BF26)>0,0.5*'Thể lệ'!$E$6,'Thể lệ'!$E$6))) -> 10000 | DL26: =if($F26=$G26,if(and($F26=$G26,BG26<>BH26),'Thể lệ'!$E$6,if($F26=BG26,0,0.5*'Thể lệ'!$E$6)),if(and($F26=BG26,$G26=BH26),"0",if(($F26-$G26)*(BG26-BH26)>0,0.5*'Thể lệ'!$E$6,'Thể lệ'!$E$6))) -> 0 | DN26: =if($F26=$G26,if(and($F26=$G26,BI26<>BJ26),'Thể lệ'!$E$6,if($F26=BI26,0,0.5*'Thể lệ'!$E$6)),if(and($F26=BI26,$G26=BJ26),"0",if(($F26-$G26)*(BI26-BJ26)>0,0.5*'Thể lệ'!$E$6,'Thể lệ'!$E$6))) -> 10000
B27: 21 | C27: 46191 | D27: 46191 | E27: Portugal | H27: DR Congo | Q27: =AE27 | R27: =AF27 | S27: 3 | T27: 0 | AO27: 2 | AP27: 0 | AS27: 3 | AT27: 0 | BC27: 3 | BD27: 0 | BI27: =H.Son!H27 -> 2 | BJ27: =H.Son!I27 -> 0 | BN27: =if($F27=$G27,if(and($F27=$G27,I27<>J27),'Thể lệ'!$E$6,if($F27=I27,0,0.5*'Thể lệ'!$E$6)),if(and($F27=I27,$G27=J27),"0",if(($F27-$G27)*(I27-J27)>0,0.5*'Thể lệ'!$E$6,'Thể lệ'!$E$6))) -> 0 | BP27: =if($F27=$G27,if(and($F27=$G27,K27<>L27),'Thể lệ'!$E$6,if($F27=K27,0,0.5*'Thể lệ'!$E$6)),if(and($F27=K27,$G27=L27),"0",if(($F27-$G27)*(K27-L27)>0,0.5*'Thể lệ'!$E$6,'Thể lệ'!$E$6))) -> 0 | BR27: =if($F27=$G27,if(and($F27=$G27,M27<>N27),'Thể lệ'!$E$6,if($F27=M27,0,0.5*'Thể lệ'!$E$6)),if(and($F27=M27,$G27=N27),"0",if(($F27-$G27)*(M27-N27)>0,0.5*'Thể lệ'!$E$6,'Thể lệ'!$E$6))) -> 0 | BT27: =if($F27=$G27,if(and($F27=$G27,O27<>P27),'Thể lệ'!$E$6,if($F27=O27,0,0.5*'Thể lệ'!$E$6)),if(and($F27=O27,$G27=P27),"0",if(($F27-$G27)*(O27-P27)>0,0.5*'Thể lệ'!$E$6,'Thể lệ'!$E$6))) -> 0 | BV27: =if($F27=$G27,if(and($F27=$G27,Q27<>R27),'Thể lệ'!$E$6,if($F27=Q27,0,0.5*'Thể lệ'!$E$6)),if(and($F27=Q27,$G27=R27),"0",if(($F27-$G27)*(Q27-R27)>0,0.5*'Thể lệ'!$E$6,'Thể lệ'!$E$6))) -> 0 | BX27: =if($F27=$G27,if(and($F27=$G27,S27<>T27),'Thể lệ'!$E$6,if($F27=S27,0,0.5*'Thể lệ'!$E$6)),if(and($F27=S27,$G27=T27),"0",if(($F27-$G27)*(S27-T27)>0,0.5*'Thể lệ'!$E$6,'Thể lệ'!$E$6))) -> 10000 | BZ27: =if($F27=$G27,if(and($F27=$G27,U27<>V27),'Thể lệ'!$E$6,if($F27=U27,0,0.5*'Thể lệ'!$E$6)),if(and($F27=U27,$G27=V27),"0",if(($F27-$G27)*(U27-V27)>0,0.5*'Thể lệ'!$E$6,'Thể lệ'!$E$6))) -> 0 | CB27: =if($F27=$G27,if(and($F27=$G27,W27<>X27),'Thể lệ'!$E$6,if($F27=W27,0,0.5*'Thể lệ'!$E$6)),if(and($F27=W27,$G27=X27),"0",if(($F27-$G27)*(W27-X27)>0,0.5*'Thể lệ'!$E$6,'Thể lệ'!$E$6))) -> 0 | CD27: =if($F27=$G27,if(and($F27=$G27,Y27<>Z27),'Thể lệ'!$E$6,if($F27=Y27,0,0.5*'Thể lệ'!$E$6)),if(and($F27=Y27,$G27=Z27),"0",if(($F27-$G27)*(Y27-Z27)>0,0.5*'Thể lệ'!$E$6,'Thể lệ'!$E$6))) -> 0 | CF27: =if($F27=$G27,if(and($F27=$G27,AA27<>AB27),'Thể lệ'!$E$6,if($F27=AA27,0,0.5*'Thể lệ'!$E$6)),if(and($F27=AA27,$G27=AB27),"0",if(($F27-$G27)*(AA27-AB27)>0,0.5*'Thể lệ'!$E$6,'Thể lệ'!$E$6))) -> 0 | CH27: =if($F27=$G27,if(and($F27=$G27,AC27<>AD27),'Thể lệ'!$E$6,if($F27=AC27,0,0.5*'Thể lệ'!$E$6)),if(and($F27=AC27,$G27=AD27),"0",if(($F27-$G27)*(AC27-AD27)>0,0.5*'Thể lệ'!$E$6,'Thể lệ'!$E$6))) -> 0 | CJ27: =if($F27=$G27,if(and($F27=$G27,AE27<>AF27),'Thể lệ'!$E$6,if($F27=AE27,0,0.5*'Thể lệ'!$E$6)),if(and($F27=AE27,$G27=AF27),"0",if(($F27-$G27)*(AE27-AF27)>0,0.5*'Thể lệ'!$E$6,'Thể lệ'!$E$6))) -> 0 | CL27: =if($F27=$G27,if(and($F27=$G27,AG27<>AH27),'Thể lệ'!$E$6,if($F27=AG27,0,0.5*'Thể lệ'!$E$6)),if(and($F27=AG27,$G27=AH27),"0",if(($F27-$G27)*(AG27-AH27)>0,0.5*'Thể lệ'!$E$6,'Thể lệ'!$E$6))) -> 0 | CN27: =if($F27=$G27,if(and($F27=$G27,AI27<>AJ27),'Thể lệ'!$E$6,if($F27=AI27,0,0.5*'Thể lệ'!$E$6)),if(and($F27=AI27,$G27=AJ27),"0",if(($F27-$G27)*(AI27-AJ27)>0,0.5*'Thể lệ'!$E$6,'Thể lệ'!$E$6))) -> 0 | CP27: =if($F27=$G27,if(and($F27=$G27,AK27<>AL27),'Thể lệ'!$E$6,if($F27=AK27,0,0.5*'Thể lệ'!$E$6)),if(and($F27=AK27,$G27=AL27),"0",if(($F27-$G27)*(AK27-AL27)>0,0.5*'Thể lệ'!$E$6,'Thể lệ'!$E$6))) -> 0 | CR27: =if($F27=$G27,if(and($F27=$G27,AM27<>AN27),'Thể lệ'!$E$6,if($F27=AM27,0,0.5*'Thể lệ'!$E$6)),if(and($F27=AM27,$G27=AN27),"0",if(($F27-$G27)*(AM27-AN27)>0,0.5*'Thể lệ'!$E$6,'Thể lệ'!$E$6))) -> 0 | CT27: =if($F27=$G27,if(and($F27=$G27,AO27<>AP27),'Thể lệ'!$E$6,if($F27=AO27,0,0.5*'Thể lệ'!$E$6)),if(and($F27=AO27,$G27=AP27),"0",if(($F27-$G27)*(AO27-AP27)>0,0.5*'Thể lệ'!$E$6,'Thể lệ'!$E$6))) -> 10000 | CV27: =if($F27=$G27,if(and($F27=$G27,AQ27<>AR27),'Thể lệ'!$E$6,if($F27=AQ27,0,0.5*'Thể lệ'!$E$6)),if(and($F27=AQ27,$G27=AR27),"0",if(($F27-$G27)*(AQ27-AR27)>0,0.5*'Thể lệ'!$E$6,'Thể lệ'!$E$6))) -> 0 | CX27: =if($F27=$G27,if(and($F27=$G27,AS27<>AT27),'Thể lệ'!$E$6,if($F27=AS27,0,0.5*'Thể lệ'!$E$6)),if(and($F27=AS27,$G27=AT27),"0",if(($F27-$G27)*(AS27-AT27)>0,0.5*'Thể lệ'!$E$6,'Thể lệ'!$E$6))) -> 10000 | CZ27: =if($F27=$G27,if(and($F27=$G27,AU27<>AV27),'Thể lệ'!$E$6,if($F27=AU27,0,0.5*'Thể lệ'!$E$6)),if(and($F27=AU27,$G27=AV27),"0",if(($F27-$G27)*(AU27-AV27)>0,0.5*'Thể lệ'!$E$6,'Thể lệ'!$E$6))) -> 0 | DB27: =if($F27=$G27,if(and($F27=$G27,AW27<>AX27),'Thể lệ'!$E$6,if($F27=AW27,0,0.5*'Thể lệ'!$E$6)),if(and($F27=AW27,$G27=AX27),"0",if(($F27-$G27)*(AW27-AX27)>0,0.5*'Thể lệ'!$E$6,'Thể lệ'!$E$6))) -> 0 | DD27: =if($F27=$G27,if(and($F27=$G27,AY27<>AZ27),'Thể lệ'!$E$6,if($F27=AY27,0,0.5*'Thể lệ'!$E$6)),if(and($F27=AY27,$G27=AZ27),"0",if(($F27-$G27)*(AY27-AZ27)>0,0.5*'Thể lệ'!$E$6,'Thể lệ'!$E$6))) -> 0 | DF27: =if($F27=$G27,if(and($F27=$G27,BA27<>BB27),'Thể lệ'!$E$6,if($F27=BA27,0,0.5*'Thể lệ'!$E$6)),if(and($F27=BA27,$G27=BB27),"0",if(($F27-$G27)*(BA27-BB27)>0,0.5*'Thể lệ'!$E$6,'Thể lệ'!$E$6))) -> 0 | DH27: =if($F27=$G27,if(and($F27=$G27,BC27<>BD27),'Thể lệ'!$E$6,if($F27=BC27,0,0.5*'Thể lệ'!$E$6)),if(and($F27=BC27,$G27=BD27),"0",if(($F27-$G27)*(BC27-BD27)>0,0.5*'Thể lệ'!$E$6,'Thể lệ'!$E$6))) -> 10000 | DJ27: =if($F27=$G27,if(and($F27=$G27,BE27<>BF27),'Thể lệ'!$E$6,if($F27=BE27,0,0.5*'Thể lệ'!$E$6)),if(and($F27=BE27,$G27=BF27),"0",if(($F27-$G27)*(BE27-BF27)>0,0.5*'Thể lệ'!$E$6,'Thể lệ'!$E$6))) -> 0 | DL27: =if($F27=$G27,if(and($F27=$G27,BG27<>BH27),'Thể lệ'!$E$6,if($F27=BG27,0,0.5*'Thể lệ'!$E$6)),if(and($F27=BG27,$G27=BH27),"0",if(($F27-$G27)*(BG27-BH27)>0,0.5*'Thể lệ'!$E$6,'Thể lệ'!$E$6))) -> 0 | DN27: =if($F27=$G27,if(and($F27=$G27,BI27<>BJ27),'Thể lệ'!$E$6,if($F27=BI27,0,0.5*'Thể lệ'!$E$6)),if(and($F27=BI27,$G27=BJ27),"0",if(($F27-$G27)*(BI27-BJ27)>0,0.5*'Thể lệ'!$E$6,'Thể lệ'!$E$6))) -> 10000
B28: 22 | C28: 46191.125 | D28: 46191.125 | E28: England | H28: Croatia | Q28: =AE28 | R28: =AF28 | S28: 2 | T28: 1 | AO28: 1 | AP28: 1 | AS28: 2 | AT28: 0 | BC28: 2 | BD28: 0 | BI28: =H.Son!H28 -> 2 | BJ28: =H.Son!I28 -> 1 | BN28: =if($F28=$G28,if(and($F28=$G28,I28<>J28),'Thể lệ'!$E$6,if($F28=I28,0,0.5*'Thể lệ'!$E$6)),if(and($F28=I28,$G28=J28),"0",if(($F28-$G28)*(I28-J28)>0,0.5*'Thể lệ'!$E$6,'Thể lệ'!$E$6))) -> 0 | BP28: =if($F28=$G28,if(and($F28=$G28,K28<>L28),'Thể lệ'!$E$6,if($F28=K28,0,0.5*'Thể lệ'!$E$6)),if(and($F28=K28,$G28=L28),"0",if(($F28-$G28)*(K28-L28)>0,0.5*'Thể lệ'!$E$6,'Thể lệ'!$E$6))) -> 0 | BR28: =if($F28=$G28,if(and($F28=$G28,M28<>N28),'Thể lệ'!$E$6,if($F28=M28,0,0.5*'Thể lệ'!$E$6)),if(and($F28=M28,$G28=N28),"0",if(($F28-$G28)*(M28-N28)>0,0.5*'Thể lệ'!$E$6,'Thể lệ'!$E$6))) -> 0 | BT28: =if($F28=$G28,if(and($F28=$G28,O28<>P28),'Thể lệ'!$E$6,if($F28=O28,0,0.5*'Thể lệ'!$E$6)),if(and($F28=O28,$G28=P28),"0",if(($F28-$G28)*(O28-P28)>0,0.5*'Thể lệ'!$E$6,'Thể lệ'!$E$6))) -> 0 | BV28: =if($F28=$G28,if(and($F28=$G28,Q28<>R28),'Thể lệ'!$E$6,if($F28=Q28,0,0.5*'Thể lệ'!$E$6)),if(and($F28=Q28,$G28=R28),"0",if(($F28-$G28)*(Q28-R28)>0,0.5*'Thể lệ'!$E$6,'Thể lệ'!$E$6))) -> 0 | BX28: =if($F28=$G28,if(and($F28=$G28,S28<>T28),'Thể lệ'!$E$6,if($F28=S28,0,0.5*'Thể lệ'!$E$6)),if(and($F28=S28,$G28=T28),"0",if(($F28-$G28)*(S28-T28)>0,0.5*'Thể lệ'!$E$6,'Thể lệ'!$E$6))) -> 10000 | BZ28: =if($F28=$G28,if(and($F28=$G28,U28<>V28),'Thể lệ'!$E$6,if($F28=U28,0,0.5*'Thể lệ'!$E$6)),if(and($F28=U28,$G28=V28),"0",if(($F28-$G28)*(U28-V28)>0,0.5*'Thể lệ'!$E$6,'Thể lệ'!$E$6))) -> 0 | CB28: =if($F28=$G28,if(and($F28=$G28,W28<>X28),'Thể lệ'!$E$6,if($F28=W28,0,0.5*'Thể lệ'!$E$6)),if(and($F28=W28,$G28=X28),"0",if(($F28-$G28)*(W28-X28)>0,0.5*'Thể lệ'!$E$6,'Thể lệ'!$E$6))) -> 0 | CD28: =if($F28=$G28,if(and($F28=$G28,Y28<>Z28),'Thể lệ'!$E$6,if($F28=Y28,0,0.5*'Thể lệ'!$E$6)),if(and($F28=Y28,$G28=Z28),"0",if(($F28-$G28)*(Y28-Z28)>0,0.5*'Thể lệ'!$E$6,'Thể lệ'!$E$6))) -> 0 | CF28: =if($F28=$G28,if(and($F28=$G28,AA28<>AB28),'Thể lệ'!$E$6,if($F28=AA28,0,0.5*'Thể lệ'!$E$6)),if(and($F28=AA28,$G28=AB28),"0",if(($F28-$G28)*(AA28-AB28)>0,0.5*'Thể lệ'!$E$6,'Thể lệ'!$E$6))) -> 0 | CH28: =if($F28=$G28,if(and($F28=$G28,AC28<>AD28),'Thể lệ'!$E$6,if($F28=AC28,0,0.5*'Thể lệ'!$E$6)),if(and($F28=AC28,$G28=AD28),"0",if(($F28-$G28)*(AC28-AD28)>0,0.5*'Thể lệ'!$E$6,'Thể lệ'!$E$6))) -> 0 | CJ28: =if($F28=$G28,if(and($F28=$G28,AE28<>AF28),'Thể lệ'!$E$6,if($F28=AE28,0,0.5*'Thể lệ'!$E$6)),if(and($F28=AE28,$G28=AF28),"0",if(($F28-$G28)*(AE28-AF28)>0,0.5*'Thể lệ'!$E$6,'Thể lệ'!$E$6))) -> 0 | CL28: =if($F28=$G28,if(and($F28=$G28,AG28<>AH28),'Thể lệ'!$E$6,if($F28=AG28,0,0.5*'Thể lệ'!$E$6)),if(and($F28=AG28,$G28=AH28),"0",if(($F28-$G28)*(AG28-AH28)>0,0.5*'Thể lệ'!$E$6,'Thể lệ'!$E$6))) -> 0 | CN28: =if($F28=$G28,if(and($F28=$G28,AI28<>AJ28),'Thể lệ'!$E$6,if($F28=AI28,0,0.5*'Thể lệ'!$E$6)),if(and($F28=AI28,$G28=AJ28),"0",if(($F28-$G28)*(AI28-AJ28)>0,0.5*'Thể lệ'!$E$6,'Thể lệ'!$E$6))) -> 0 | CP28: =if($F28=$G28,if(and($F28=$G28,AK28<>AL28),'Thể lệ'!$E$6,if($F28=AK28,0,0.5*'Thể lệ'!$E$6)),if(and($F28=AK28,$G28=AL28),"0",if(($F28-$G28)*(AK28-AL28)>0,0.5*'Thể lệ'!$E$6,'Thể lệ'!$E$6))) -> 0 | CR28: =if($F28=$G28,if(and($F28=$G28,AM28<>AN28),'Thể lệ'!$E$6,if($F28=AM28,0,0.5*'Thể lệ'!$E$6)),if(and($F28=AM28,$G28=AN28),"0",if(($F28-$G28)*(AM28-AN28)>0,0.5*'Thể lệ'!$E$6,'Thể lệ'!$E$6))) -> 0 | CT28: =if($F28=$G28,if(and($F28=$G28,AO28<>AP28),'Thể lệ'!$E$6,if($F28=AO28,0,0.5*'Thể lệ'!$E$6)),if(and($F28=AO28,$G28=AP28),"0",if(($F28-$G28)*(AO28-AP28)>0,0.5*'Thể lệ'!$E$6,'Thể lệ'!$E$6))) -> 5000 | CV28: =if($F28=$G28,if(and($F28=$G28,AQ28<>AR28),'Thể lệ'!$E$6,if($F28=AQ28,0,0.5*'Thể lệ'!$E$6)),if(and($F28=AQ28,$G28=AR28),"0",if(($F28-$G28)*(AQ28-AR28)>0,0.5*'Thể lệ'!$E$6,'Thể lệ'!$E$6))) -> 0 | CX28: =if($F28=$G28,if(and($F28=$G28,AS28<>AT28),'Thể lệ'!$E$6,if($F28=AS28,0,0.5*'Thể lệ'!$E$6)),if(and($F28=AS28,$G28=AT28),"0",if(($F28-$G28)*(AS28-AT28)>0,0.5*'Thể lệ'!$E$6,'Thể lệ'!$E$6))) -> 10000 | CZ28: =if($F28=$G28,if(and($F28=$G28,AU28<>AV28),'Thể lệ'!$E$6,if($F28=AU28,0,0.5*'Thể lệ'!$E$6)),if(and($F28=AU28,$G28=AV28),"0",if(($F28-$G28)*(AU28-AV28)>0,0.5*'Thể lệ'!$E$6,'Thể lệ'!$E$6))) -> 0 | DB28: =if($F28=$G28,if(and($F28=$G28,AW28<>AX28),'Thể lệ'!$E$6,if($F28=AW28,0,0.5*'Thể lệ'!$E$6)),if(and($F28=AW28,$G28=AX28),"0",if(($F28-$G28)*(AW28-AX28)>0,0.5*'Thể lệ'!$E$6,'Thể lệ'!$E$6))) -> 0 | DD28: =if($F28=$G28,if(and($F28=$G28,AY28<>AZ28),'Thể lệ'!$E$6,if($F28=AY28,0,0.5*'Thể lệ'!$E$6)),if(and($F28=AY28,$G28=AZ28),"0",if(($F28-$G28)*(AY28-AZ28)>0,0.5*'Thể lệ'!$E$6,'Thể lệ'!$E$6))) -> 0 | DF28: =if($F28=$G28,if(and($F28=$G28,BA28<>BB28),'Thể lệ'!$E$6,if($F28=BA28,0,0.5*'Thể lệ'!$E$6)),if(and($F28=BA28,$G28=BB28),"0",if(($F28-$G28)*(BA28-BB28)>0,0.5*'Thể lệ'!$E$6,'Thể lệ'!$E$6))) -> 0 | DH28: =if($F28=$G28,if(and($F28=$G28,BC28<>BD28),'Thể lệ'!$E$6,if($F28=BC28,0,0.5*'Thể lệ'!$E$6)),if(and($F28=BC28,$G28=BD28),"0",if(($F28-$G28)*(BC28-BD28)>0,0.5*'Thể lệ'!$E$6,'Thể lệ'!$E$6))) -> 10000 | DJ28: =if($F28=$G28,if(and($F28=$G28,BE28<>BF28),'Thể lệ'!$E$6,if($F28=BE28,0,0.5*'Thể lệ'!$E$6)),if(and($F28=BE28,$G28=BF28),"0",if(($F28-$G28)*(BE28-BF28)>0,0.5*'Thể lệ'!$E$6,'Thể lệ'!$E$6))) -> 0 | DL28: =if($F28=$G28,if(and($F28=$G28,BG28<>BH28),'Thể lệ'!$E$6,if($F28=BG28,0,0.5*'Thể lệ'!$E$6)),if(and($F28=BG28,$G28=BH28),"0",if(($F28-$G28)*(BG28-BH28)>0,0.5*'Thể lệ'!$E$6,'Thể lệ'!$E$6))) -> 0 | DN28: =if($F28=$G28,if(and($F28=$G28,BI28<>BJ28),'Thể lệ'!$E$6,if($F28=BI28,0,0.5*'Thể lệ'!$E$6)),if(and($F28=BI28,$G28=BJ28),"0",if(($F28-$G28)*(BI28-BJ28)>0,0.5*'Thể lệ'!$E$6,'Thể lệ'!$E$6))) -> 10000
B29: 23 | C29: 46191.25 | D29: 46191.25 | E29: Ghana | H29: Panama | Q29: =AE29 | R29: =AF29 | S29: 2 | T29: 1 | AO29: 2 | AP29: 2 | AS29: 1 | AT29: 1 | BC29: 2 | BD29: 0 | BI29: =H.Son!H29 -> 1 | BJ29: =H.Son!I29 -> 0 | BN29: =if($F29=$G29,if(and($F29=$G29,I29<>J29),'Thể lệ'!$E$6,if($F29=I29,0,0.5*'Thể lệ'!$E$6)),if(and($F29=I29,$G29=J29),"0",if(($F29-$G29)*(I29-J29)>0,0.5*'Thể lệ'!$E$6,'Thể lệ'!$E$6))) -> 0 | BP29: =if($F29=$G29,if(and($F29=$G29,K29<>L29),'Thể lệ'!$E$6,if($F29=K29,0,0.5*'Thể lệ'!$E$6)),if(and($F29=K29,$G29=L29),"0",if(($F29-$G29)*(K29-L29)>0,0.5*'Thể lệ'!$E$6,'Thể lệ'!$E$6))) -> 0 | BR29: =if($F29=$G29,if(and($F29=$G29,M29<>N29),'Thể lệ'!$E$6,if($F29=M29,0,0.5*'Thể lệ'!$E$6)),if(and($F29=M29,$G29=N29),"0",if(($F29-$G29)*(M29-N29)>0,0.5*'Thể lệ'!$E$6,'Thể lệ'!$E$6))) -> 0 | BT29: =if($F29=$G29,if(and($F29=$G29,O29<>P29),'Thể lệ'!$E$6,if($F29=O29,0,0.5*'Thể lệ'!$E$6)),if(and($F29=O29,$G29=P29),"0",if(($F29-$G29)*(O29-P29)>0,0.5*'Thể lệ'!$E$6,'Thể lệ'!$E$6))) -> 0 | BV29: =if($F29=$G29,if(and($F29=$G29,Q29<>R29),'Thể lệ'!$E$6,if($F29=Q29,0,0.5*'Thể lệ'!$E$6)),if(and($F29=Q29,$G29=R29),"0",if(($F29-$G29)*(Q29-R29)>0,0.5*'Thể lệ'!$E$6,'Thể lệ'!$E$6))) -> 0 | BX29: =if($F29=$G29,if(and($F29=$G29,S29<>T29),'Thể lệ'!$E$6,if($F29=S29,0,0.5*'Thể lệ'!$E$6)),if(and($F29=S29,$G29=T29),"0",if(($F29-$G29)*(S29-T29)>0,0.5*'Thể lệ'!$E$6,'Thể lệ'!$E$6))) -> 10000 | BZ29: =if($F29=$G29,if(and($F29=$G29,U29<>V29),'Thể lệ'!$E$6,if($F29=U29,0,0.5*'Thể lệ'!$E$6)),if(and($F29=U29,$G29=V29),"0",if(($F29-$G29)*(U29-V29)>0,0.5*'Thể lệ'!$E$6,'Thể lệ'!$E$6))) -> 0 | CB29: =if($F29=$G29,if(and($F29=$G29,W29<>X29),'Thể lệ'!$E$6,if($F29=W29,0,0.5*'Thể lệ'!$E$6)),if(and($F29=W29,$G29=X29),"0",if(($F29-$G29)*(W29-X29)>0,0.5*'Thể lệ'!$E$6,'Thể lệ'!$E$6))) -> 0 | CD29: =if($F29=$G29,if(and($F29=$G29,Y29<>Z29),'Thể lệ'!$E$6,if($F29=Y29,0,0.5*'Thể lệ'!$E$6)),if(and($F29=Y29,$G29=Z29),"0",if(($F29-$G29)*(Y29-Z29)>0,0.5*'Thể lệ'!$E$6,'Thể lệ'!$E$6))) -> 0 | CF29: =if($F29=$G29,if(and($F29=$G29,AA29<>AB29),'Thể lệ'!$E$6,if($F29=AA29,0,0.5*'Thể lệ'!$E$6)),if(and($F29=AA29,$G29=AB29),"0",if(($F29-$G29)*(AA29-AB29)>0,0.5*'Thể lệ'!$E$6,'Thể lệ'!$E$6))) -> 0 | CH29: =if($F29=$G29,if(and($F29=$G29,AC29<>AD29),'Thể lệ'!$E$6,if($F29=AC29,0,0.5*'Thể lệ'!$E$6)),if(and($F29=AC29,$G29=AD29),"0",if(($F29-$G29)*(AC29-AD29)>0,0.5*'Thể lệ'!$E$6,'Thể lệ'!$E$6))) -> 0 | CJ29: =if($F29=$G29,if(and($F29=$G29,AE29<>AF29),'Thể lệ'!$E$6,if($F29=AE29,0,0.5*'Thể lệ'!$E$6)),if(and($F29=AE29,$G29=AF29),"0",if(($F29-$G29)*(AE29-AF29)>0,0.5*'Thể lệ'!$E$6,'Thể lệ'!$E$6))) -> 0 | CL29: =if($F29=$G29,if(and($F29=$G29,AG29<>AH29),'Thể lệ'!$E$6,if($F29=AG29,0,0.5*'Thể lệ'!$E$6)),if(and($F29=AG29,$G29=AH29),"0",if(($F29-$G29)*(AG29-AH29)>0,0.5*'Thể lệ'!$E$6,'Thể lệ'!$E$6))) -> 0 | CN29: =if($F29=$G29,if(and($F29=$G29,AI29<>AJ29),'Thể lệ'!$E$6,if($F29=AI29,0,0.5*'Thể lệ'!$E$6)),if(and($F29=AI29,$G29=AJ29),"0",if(($F29-$G29)*(AI29-AJ29)>0,0.5*'Thể lệ'!$E$6,'Thể lệ'!$E$6))) -> 0 | CP29: =if($F29=$G29,if(and($F29=$G29,AK29<>AL29),'Thể lệ'!$E$6,if($F29=AK29,0,0.5*'Thể lệ'!$E$6)),if(and($F29=AK29,$G29=AL29),"0",if(($F29-$G29)*(AK29-AL29)>0,0.5*'Thể lệ'!$E$6,'Thể lệ'!$E$6))) -> 0 | CR29: =if($F29=$G29,if(and($F29=$G29,AM29<>AN29),'Thể lệ'!$E$6,if($F29=AM29,0,0.5*'Thể lệ'!$E$6)),if(and($F29=AM29,$G29=AN29),"0",if(($F29-$G29)*(AM29-AN29)>0,0.5*'Thể lệ'!$E$6,'Thể lệ'!$E$6))) -> 0 | CT29: =if($F29=$G29,if(and($F29=$G29,AO29<>AP29),'Thể lệ'!$E$6,if($F29=AO29,0,0.5*'Thể lệ'!$E$6)),if(and($F29=AO29,$G29=AP29),"0",if(($F29-$G29)*(AO29-AP29)>0,0.5*'Thể lệ'!$E$6,'Thể lệ'!$E$6))) -> 5000 | CV29: =if($F29=$G29,if(and($F29=$G29,AQ29<>AR29),'Thể lệ'!$E$6,if($F29=AQ29,0,0.5*'Thể lệ'!$E$6)),if(and($F29=AQ29,$G29=AR29),"0",if(($F29-$G29)*(AQ29-AR29)>0,0.5*'Thể lệ'!$E$6,'Thể lệ'!$E$6))) -> 0 | CX29: =if($F29=$G29,if(and($F29=$G29,AS29<>AT29),'Thể lệ'!$E$6,if($F29=AS29,0,0.5*'Thể lệ'!$E$6)),if(and($F29=AS29,$G29=AT29),"0",if(($F29-$G29)*(AS29-AT29)>0,0.5*'Thể lệ'!$E$6,'Thể lệ'!$E$6))) -> 5000 | CZ29: =if($F29=$G29,if(and($F29=$G29,AU29<>AV29),'Thể lệ'!$E$6,if($F29=AU29,0,0.5*'Thể lệ'!$E$6)),if(and($F29=AU29,$G29=AV29),"0",if(($F29-$G29)*(AU29-AV29)>0,0.5*'Thể lệ'!$E$6,'Thể lệ'!$E$6))) -> 0 | DB29: =if($F29=$G29,if(and($F29=$G29,AW29<>AX29),'Thể lệ'!$E$6,if($F29=AW29,0,0.5*'Thể lệ'!$E$6)),if(and($F29=AW29,$G29=AX29),"0",if(($F29-$G29)*(AW29-AX29)>0,0.5*'Thể lệ'!$E$6,'Thể lệ'!$E$6))) -> 0 | DD29: =if($F29=$G29,if(and($F29=$G29,AY29<>AZ29),'Thể lệ'!$E$6,if($F29=AY29,0,0.5*'Thể lệ'!$E$6)),if(and($F29=AY29,$G29=AZ29),"0",if(($F29-$G29)*(AY29-AZ29)>0,0.5*'Thể lệ'!$E$6,'Thể lệ'!$E$6))) -> 0 | DF29: =if($F29=$G29,if(and($F29=$G29,BA29<>BB29),'Thể lệ'!$E$6,if($F29=BA29,0,0.5*'Thể lệ'!$E$6)),if(and($F29=BA29,$G29=BB29),"0",if(($F29-$G29)*(BA29-BB29)>0,0.5*'Thể lệ'!$E$6,'Thể lệ'!$E$6))) -> 0 | DH29: =if($F29=$G29,if(and($F29=$G29,BC29<>BD29),'Thể lệ'!$E$6,if($F29=BC29,0,0.5*'Thể lệ'!$E$6)),if(and($F29=BC29,$G29=BD29),"0",if(($F29-$G29)*(BC29-BD29)>0,0.5*'Thể lệ'!$E$6,'Thể lệ'!$E$6))) -> 10000 | DJ29: =if($F29=$G29,if(and($F29=$G29,BE29<>BF29),'Thể lệ'!$E$6,if($F29=BE29,0,0.5*'Thể lệ'!$E$6)),if(and($F29=BE29,$G29=BF29),"0",if(($F29-$G29)*(BE29-BF29)>0,0.5*'Thể lệ'!$E$6,'Thể lệ'!$E$6))) -> 0 | DL29: =if($F29=$G29,if(and($F29=$G29,BG29<>BH29),'Thể lệ'!$E$6,if($F29=BG29,0,0.5*'Thể lệ'!$E$6)),if(and($F29=BG29,$G29=BH29),"0",if(($F29-$G29)*(BG29-BH29)>0,0.5*'Thể lệ'!$E$6,'Thể lệ'!$E$6))) -> 0 | DN29: =if($F29=$G29,if(and($F29=$G29,BI29<>BJ29),'Thể lệ'!$E$6,if($F29=BI29,0,0.5*'Thể lệ'!$E$6)),if(and($F29=BI29,$G29=BJ29),"0",if(($F29-$G29)*(BI29-BJ29)>0,0.5*'Thể lệ'!$E$6,'Thể lệ'!$E$6))) -> 10000
B30: 24 | C30: 46191.375 | D30: 46191.375 | E30: Uzbekistan | H30: Colombia | Q30: =AE30 | R30: =AF30 | S30: 0 | T30: 2 | AO30: 1 | AP30: 1 | AS30: 0 | AT30: 3 | BC30: 0 | BD30: 3 | BI30: =H.Son!H30 -> 0 | BJ30: =H.Son!I30 -> 2 | BN30: =if($F30=$G30,if(and($F30=$G30,I30<>J30),'Thể lệ'!$E$6,if($F30=I30,0,0.5*'Thể lệ'!$E$6)),if(and($F30=I30,$G30=J30),"0",if(($F30-$G30)*(I30-J30)>0,0.5*'Thể lệ'!$E$6,'Thể lệ'!$E$6))) -> 0 | BP30: =if($F30=$G30,if(and($F30=$G30,K30<>L30),'Thể lệ'!$E$6,if($F30=K30,0,0.5*'Thể lệ'!$E$6)),if(and($F30=K30,$G30=L30),"0",if(($F30-$G30)*(K30-L30)>0,0.5*'Thể lệ'!$E$6,'Thể lệ'!$E$6))) -> 0 | BR30: =if($F30=$G30,if(and($F30=$G30,M30<>N30),'Thể lệ'!$E$6,if($F30=M30,0,0.5*'Thể lệ'!$E$6)),if(and($F30=M30,$G30=N30),"0",if(($F30-$G30)*(M30-N30)>0,0.5*'Thể lệ'!$E$6,'Thể lệ'!$E$6))) -> 0 | BT30: =if($F30=$G30,if(and($F30=$G30,O30<>P30),'Thể lệ'!$E$6,if($F30=O30,0,0.5*'Thể lệ'!$E$6)),if(and($F30=O30,$G30=P30),"0",if(($F30-$G30)*(O30-P30)>0,0.5*'Thể lệ'!$E$6,'Thể lệ'!$E$6))) -> 0 | BV30: =if($F30=$G30,if(and($F30=$G30,Q30<>R30),'Thể lệ'!$E$6,if($F30=Q30,0,0.5*'Thể lệ'!$E$6)),if(and($F30=Q30,$G30=R30),"0",if(($F30-$G30)*(Q30-R30)>0,0.5*'Thể lệ'!$E$6,'Thể lệ'!$E$6))) -> 0 | BX30: =if($F30=$G30,if(and($F30=$G30,S30<>T30),'Thể lệ'!$E$6,if($F30=S30,0,0.5*'Thể lệ'!$E$6)),if(and($F30=S30,$G30=T30),"0",if(($F30-$G30)*(S30-T30)>0,0.5*'Thể lệ'!$E$6,'Thể lệ'!$E$6))) -> 10000 | BZ30: =if($F30=$G30,if(and($F30=$G30,U30<>V30),'Thể lệ'!$E$6,if($F30=U30,0,0.5*'Thể lệ'!$E$6)),if(and($F30=U30,$G30=V30),"0",if(($F30-$G30)*(U30-V30)>0,0.5*'Thể lệ'!$E$6,'Thể lệ'!$E$6))) -> 0 | CB30: =if($F30=$G30,if(and($F30=$G30,W30<>X30),'Thể lệ'!$E$6,if($F30=W30,0,0.5*'Thể lệ'!$E$6)),if(and($F30=W30,$G30=X30),"0",if(($F30-$G30)*(W30-X30)>0,0.5*'Thể lệ'!$E$6,'Thể lệ'!$E$6))) -> 0 | CD30: =if($F30=$G30,if(and($F30=$G30,Y30<>Z30),'Thể lệ'!$E$6,if($F30=Y30,0,0.5*'Thể lệ'!$E$6)),if(and($F30=Y30,$G30=Z30),"0",if(($F30-$G30)*(Y30-Z30)>0,0.5*'Thể lệ'!$E$6,'Thể lệ'!$E$6))) -> 0 | CF30: =if($F30=$G30,if(and($F30=$G30,AA30<>AB30),'Thể lệ'!$E$6,if($F30=AA30,0,0.5*'Thể lệ'!$E$6)),if(and($F30=AA30,$G30=AB30),"0",if(($F30-$G30)*(AA30-AB30)>0,0.5*'Thể lệ'!$E$6,'Thể lệ'!$E$6))) -> 0 | CH30: =if($F30=$G30,if(and($F30=$G30,AC30<>AD30),'Thể lệ'!$E$6,if($F30=AC30,0,0.5*'Thể lệ'!$E$6)),if(and($F30=AC30,$G30=AD30),"0",if(($F30-$G30)*(AC30-AD30)>0,0.5*'Thể lệ'!$E$6,'Thể lệ'!$E$6))) -> 0 | CJ30: =if($F30=$G30,if(and($F30=$G30,AE30<>AF30),'Thể lệ'!$E$6,if($F30=AE30,0,0.5*'Thể lệ'!$E$6)),if(and($F30=AE30,$G30=AF30),"0",if(($F30-$G30)*(AE30-AF30)>0,0.5*'Thể lệ'!$E$6,'Thể lệ'!$E$6))) -> 0 | CL30: =if($F30=$G30,if(and($F30=$G30,AG30<>AH30),'Thể lệ'!$E$6,if($F30=AG30,0,0.5*'Thể lệ'!$E$6)),if(and($F30=AG30,$G30=AH30),"0",if(($F30-$G30)*(AG30-AH30)>0,0.5*'Thể lệ'!$E$6,'Thể lệ'!$E$6))) -> 0 | CN30: =if($F30=$G30,if(and($F30=$G30,AI30<>AJ30),'Thể lệ'!$E$6,if($F30=AI30,0,0.5*'Thể lệ'!$E$6)),if(and($F30=AI30,$G30=AJ30),"0",if(($F30-$G30)*(AI30-AJ30)>0,0.5*'Thể lệ'!$E$6,'Thể lệ'!$E$6))) -> 0 | CP30: =if($F30=$G30,if(and($F30=$G30,AK30<>AL30),'Thể lệ'!$E$6,if($F30=AK30,0,0.5*'Thể lệ'!$E$6)),if(and($F30=AK30,$G30=AL30),"0",if(($F30-$G30)*(AK30-AL30)>0,0.5*'Thể lệ'!$E$6,'Thể lệ'!$E$6))) -> 0 | CR30: =if($F30=$G30,if(and($F30=$G30,AM30<>AN30),'Thể lệ'!$E$6,if($F30=AM30,0,0.5*'Thể lệ'!$E$6)),if(and($F30=AM30,$G30=AN30),"0",if(($F30-$G30)*(AM30-AN30)>0,0.5*'Thể lệ'!$E$6,'Thể lệ'!$E$6))) -> 0 | CT30: =if($F30=$G30,if(and($F30=$G30,AO30<>AP30),'Thể lệ'!$E$6,if($F30=AO30,0,0.5*'Thể lệ'!$E$6)),if(and($F30=AO30,$G30=AP30),"0",if(($F30-$G30)*(AO30-AP30)>0,0.5*'Thể lệ'!$E$6,'Thể lệ'!$E$6))) -> 5000 | CV30: =if($F30=$G30,if(and($F30=$G30,AQ30<>AR30),'Thể lệ'!$E$6,if($F30=AQ30,0,0.5*'Thể lệ'!$E$6)),if(and($F30=AQ30,$G30=AR30),"0",if(($F30-$G30)*(AQ30-AR30)>0,0.5*'Thể lệ'!$E$6,'Thể lệ'!$E$6))) -> 0 | CX30: =if($F30=$G30,if(and($F30=$G30,AS30<>AT30),'Thể lệ'!$E$6,if($F30=AS30,0,0.5*'Thể lệ'!$E$6)),if(and($F30=AS30,$G30=AT30),"0",if(($F30-$G30)*(AS30-AT30)>0,0.5*'Thể lệ'!$E$6,'Thể lệ'!$E$6))) -> 10000 | CZ30: =if($F30=$G30,if(and($F30=$G30,AU30<>AV30),'Thể lệ'!$E$6,if($F30=AU30,0,0.5*'Thể lệ'!$E$6)),if(and($F30=AU30,$G30=AV30),"0",if(($F30-$G30)*(AU30-AV30)>0,0.5*'Thể lệ'!$E$6,'Thể lệ'!$E$6))) -> 0 | DB30: =if($F30=$G30,if(and($F30=$G30,AW30<>AX30),'Thể lệ'!$E$6,if($F30=AW30,0,0.5*'Thể lệ'!$E$6)),if(and($F30=AW30,$G30=AX30),"0",if(($F30-$G30)*(AW30-AX30)>0,0.5*'Thể lệ'!$E$6,'Thể lệ'!$E$6))) -> 0 | DD30: =if($F30=$G30,if(and($F30=$G30,AY30<>AZ30),'Thể lệ'!$E$6,if($F30=AY30,0,0.5*'Thể lệ'!$E$6)),if(and($F30=AY30,$G30=AZ30),"0",if(($F30-$G30)*(AY30-AZ30)>0,0.5*'Thể lệ'!$E$6,'Thể lệ'!$E$6))) -> 0 | DF30: =if($F30=$G30,if(and($F30=$G30,BA30<>BB30),'Thể lệ'!$E$6,if($F30=BA30,0,0.5*'Thể lệ'!$E$6)),if(and($F30=BA30,$G30=BB30),"0",if(($F30-$G30)*(BA30-BB30)>0,0.5*'Thể lệ'!$E$6,'Thể lệ'!$E$6))) -> 0 | DH30: =if($F30=$G30,if(and($F30=$G30,BC30<>BD30),'Thể lệ'!$E$6,if($F30=BC30,0,0.5*'Thể lệ'!$E$6)),if(and($F30=BC30,$G30=BD30),"0",if(($F30-$G30)*(BC30-BD30)>0,0.5*'Thể lệ'!$E$6,'Thể lệ'!$E$6))) -> 10000 | DJ30: =if($F30=$G30,if(and($F30=$G30,BE30<>BF30),'Thể lệ'!$E$6,if($F30=BE30,0,0.5*'Thể lệ'!$E$6)),if(and($F30=BE30,$G30=BF30),"0",if(($F30-$G30)*(BE30-BF30)>0,0.5*'Thể lệ'!$E$6,'Thể lệ'!$E$6))) -> 0 | DL30: =if($F30=$G30,if(and($F30=$G30,BG30<>BH30),'Thể lệ'!$E$6,if($F30=BG30,0,0.5*'Thể lệ'!$E$6)),if(and($F30=BG30,$G30=BH30),"0",if(($F30-$G30)*(BG30-BH30)>0,0.5*'Thể lệ'!$E$6,'Thể lệ'!$E$6))) -> 0 | DN30: =if($F30=$G30,if(and($F30=$G30,BI30<>BJ30),'Thể lệ'!$E$6,if($F30=BI30,0,0.5*'Thể lệ'!$E$6)),if(and($F30=BI30,$G30=BJ30),"0",if(($F30-$G30)*(BI30-BJ30)>0,0.5*'Thể lệ'!$E$6,'Thể lệ'!$E$6))) -> 10000
B31: 25 | C31: 46191.958 | D31: 46191.958 | E31: Czech Rep. | H31: South Africa | Q31: =AE31 | R31: =AF31 | S31: 2 | T31: 1 | AO31: 1 | AP31: 2 | AS31: 2 | AT31: 1 | BC31: 2 | BD31: 0 | BI31: =H.Son!H31 -> 1 | BJ31: =H.Son!I31 -> 0 | BN31: =if($F31=$G31,if(and($F31=$G31,I31<>J31),'Thể lệ'!$E$6,if($F31=I31,0,0.5*'Thể lệ'!$E$6)),if(and($F31=I31,$G31=J31),"0",if(($F31-$G31)*(I31-J31)>0,0.5*'Thể lệ'!$E$6,'Thể lệ'!$E$6))) -> 0 | BP31: =if($F31=$G31,if(and($F31=$G31,K31<>L31),'Thể lệ'!$E$6,if($F31=K31,0,0.5*'Thể lệ'!$E$6)),if(and($F31=K31,$G31=L31),"0",if(($F31-$G31)*(K31-L31)>0,0.5*'Thể lệ'!$E$6,'Thể lệ'!$E$6))) -> 0 | BR31: =if($F31=$G31,if(and($F31=$G31,M31<>N31),'Thể lệ'!$E$6,if($F31=M31,0,0.5*'Thể lệ'!$E$6)),if(and($F31=M31,$G31=N31),"0",if(($F31-$G31)*(M31-N31)>0,0.5*'Thể lệ'!$E$6,'Thể lệ'!$E$6))) -> 0 | BT31: =if($F31=$G31,if(and($F31=$G31,O31<>P31),'Thể lệ'!$E$6,if($F31=O31,0,0.5*'Thể lệ'!$E$6)),if(and($F31=O31,$G31=P31),"0",if(($F31-$G31)*(O31-P31)>0,0.5*'Thể lệ'!$E$6,'Thể lệ'!$E$6))) -> 0 | BV31: =if($F31=$G31,if(and($F31=$G31,Q31<>R31),'Thể lệ'!$E$6,if($F31=Q31,0,0.5*'Thể lệ'!$E$6)),if(and($F31=Q31,$G31=R31),"0",if(($F31-$G31)*(Q31-R31)>0,0.5*'Thể lệ'!$E$6,'Thể lệ'!$E$6))) -> 0 | BX31: =if($F31=$G31,if(and($F31=$G31,S31<>T31),'Thể lệ'!$E$6,if($F31=S31,0,0.5*'Thể lệ'!$E$6)),if(and($F31=S31,$G31=T31),"0",if(($F31-$G31)*(S31-T31)>0,0.5*'Thể lệ'!$E$6,'Thể lệ'!$E$6))) -> 10000 | BZ31: =if($F31=$G31,if(and($F31=$G31,U31<>V31),'Thể lệ'!$E$6,if($F31=U31,0,0.5*'Thể lệ'!$E$6)),if(and($F31=U31,$G31=V31),"0",if(($F31-$G31)*(U31-V31)>0,0.5*'Thể lệ'!$E$6,'Thể lệ'!$E$6))) -> 0 | CB31: =if($F31=$G31,if(and($F31=$G31,W31<>X31),'Thể lệ'!$E$6,if($F31=W31,0,0.5*'Thể lệ'!$E$6)),if(and($F31=W31,$G31=X31),"0",if(($F31-$G31)*(W31-X31)>0,0.5*'Thể lệ'!$E$6,'Thể lệ'!$E$6))) -> 0 | CD31: =if($F31=$G31,if(and($F31=$G31,Y31<>Z31),'Thể lệ'!$E$6,if($F31=Y31,0,0.5*'Thể lệ'!$E$6)),if(and($F31=Y31,$G31=Z31),"0",if(($F31-$G31)*(Y31-Z31)>0,0.5*'Thể lệ'!$E$6,'Thể lệ'!$E$6))) -> 0 | CF31: =if($F31=$G31,if(and($F31=$G31,AA31<>AB31),'Thể lệ'!$E$6,if($F31=AA31,0,0.5*'Thể lệ'!$E$6)),if(and($F31=AA31,$G31=AB31),"0",if(($F31-$G31)*(AA31-AB31)>0,0.5*'Thể lệ'!$E$6,'Thể lệ'!$E$6))) -> 0 | CH31: =if($F31=$G31,if(and($F31=$G31,AC31<>AD31),'Thể lệ'!$E$6,if($F31=AC31,0,0.5*'Thể lệ'!$E$6)),if(and($F31=AC31,$G31=AD31),"0",if(($F31-$G31)*(AC31-AD31)>0,0.5*'Thể lệ'!$E$6,'Thể lệ'!$E$6))) -> 0 | CJ31: =if($F31=$G31,if(and($F31=$G31,AE31<>AF31),'Thể lệ'!$E$6,if($F31=AE31,0,0.5*'Thể lệ'!$E$6)),if(and($F31=AE31,$G31=AF31),"0",if(($F31-$G31)*(AE31-AF31)>0,0.5*'Thể lệ'!$E$6,'Thể lệ'!$E$6))) -> 0 | CL31: =if($F31=$G31,if(and($F31=$G31,AG31<>AH31),'Thể lệ'!$E$6,if($F31=AG31,0,0.5*'Thể lệ'!$E$6)),if(and($F31=AG31,$G31=AH31),"0",if(($F31-$G31)*(AG31-AH31)>0,0.5*'Thể lệ'!$E$6,'Thể lệ'!$E$6))) -> 0 | CN31: =if($F31=$G31,if(and($F31=$G31,AI31<>AJ31),'Thể lệ'!$E$6,if($F31=AI31,0,0.5*'Thể lệ'!$E$6)),if(and($F31=AI31,$G31=AJ31),"0",if(($F31-$G31)*(AI31-AJ31)>0,0.5*'Thể lệ'!$E$6,'Thể lệ'!$E$6))) -> 0 | CP31: =if($F31=$G31,if(and($F31=$G31,AK31<>AL31),'Thể lệ'!$E$6,if($F31=AK31,0,0.5*'Thể lệ'!$E$6)),if(and($F31=AK31,$G31=AL31),"0",if(($F31-$G31)*(AK31-AL31)>0,0.5*'Thể lệ'!$E$6,'Thể lệ'!$E$6))) -> 0 | CR31: =if($F31=$G31,if(and($F31=$G31,AM31<>AN31),'Thể lệ'!$E$6,if($F31=AM31,0,0.5*'Thể lệ'!$E$6)),if(and($F31=AM31,$G31=AN31),"0",if(($F31-$G31)*(AM31-AN31)>0,0.5*'Thể lệ'!$E$6,'Thể lệ'!$E$6))) -> 0 | CT31: =if($F31=$G31,if(and($F31=$G31,AO31<>AP31),'Thể lệ'!$E$6,if($F31=AO31,0,0.5*'Thể lệ'!$E$6)),if(and($F31=AO31,$G31=AP31),"0",if(($F31-$G31)*(AO31-AP31)>0,0.5*'Thể lệ'!$E$6,'Thể lệ'!$E$6))) -> 10000 | CV31: =if($F31=$G31,if(and($F31=$G31,AQ31<>AR31),'Thể lệ'!$E$6,if($F31=AQ31,0,0.5*'Thể lệ'!$E$6)),if(and($F31=AQ31,$G31=AR31),"0",if(($F31-$G31)*(AQ31-AR31)>0,0.5*'Thể lệ'!$E$6,'Thể lệ'!$E$6))) -> 0 | CX31: =if($F31=$G31,if(and($F31=$G31,AS31<>AT31),'Thể lệ'!$E$6,if($F31=AS31,0,0.5*'Thể lệ'!$E$6)),if(and($F31=AS31,$G31=AT31),"0",if(($F31-$G31)*(AS31-AT31)>0,0.5*'Thể lệ'!$E$6,'Thể lệ'!$E$6))) -> 10000 | CZ31: =if($F31=$G31,if(and($F31=$G31,AU31<>AV31),'Thể lệ'!$E$6,if($F31=AU31,0,0.5*'Thể lệ'!$E$6)),if(and($F31=AU31,$G31=AV31),"0",if(($F31-$G31)*(AU31-AV31)>0,0.5*'Thể lệ'!$E$6,'Thể lệ'!$E$6))) -> 0 | DB31: =if($F31=$G31,if(and($F31=$G31,AW31<>AX31),'Thể lệ'!$E$6,if($F31=AW31,0,0.5*'Thể lệ'!$E$6)),if(and($F31=AW31,$G31=AX31),"0",if(($F31-$G31)*(AW31-AX31)>0,0.5*'Thể lệ'!$E$6,'Thể lệ'!$E$6))) -> 0 | DD31: =if($F31=$G31,if(and($F31=$G31,AY31<>AZ31),'Thể lệ'!$E$6,if($F31=AY31,0,0.5*'Thể lệ'!$E$6)),if(and($F31=AY31,$G31=AZ31),"0",if(($F31-$G31)*(AY31-AZ31)>0,0.5*'Thể lệ'!$E$6,'Thể lệ'!$E$6))) -> 0 | DF31: =if($F31=$G31,if(and($F31=$G31,BA31<>BB31),'Thể lệ'!$E$6,if($F31=BA31,0,0.5*'Thể lệ'!$E$6)),if(and($F31=BA31,$G31=BB31),"0",if(($F31-$G31)*(BA31-BB31)>0,0.5*'Thể lệ'!$E$6,'Thể lệ'!$E$6))) -> 0 | DH31: =if($F31=$G31,if(and($F31=$G31,BC31<>BD31),'Thể lệ'!$E$6,if($F31=BC31,0,0.5*'Thể lệ'!$E$6)),if(and($F31=BC31,$G31=BD31),"0",if(($F31-$G31)*(BC31-BD31)>0,0.5*'Thể lệ'!$E$6,'Thể lệ'!$E$6))) -> 10000 | DJ31: =if($F31=$G31,if(and($F31=$G31,BE31<>BF31),'Thể lệ'!$E$6,if($F31=BE31,0,0.5*'Thể lệ'!$E$6)),if(and($F31=BE31,$G31=BF31),"0",if(($F31-$G31)*(BE31-BF31)>0,0.5*'Thể lệ'!$E$6,'Thể lệ'!$E$6))) -> 0 | DL31: =if($F31=$G31,if(and($F31=$G31,BG31<>BH31),'Thể lệ'!$E$6,if($F31=BG31,0,0.5*'Thể lệ'!$E$6)),if(and($F31=BG31,$G31=BH31),"0",if(($F31-$G31)*(BG31-BH31)>0,0.5*'Thể lệ'!$E$6,'Thể lệ'!$E$6))) -> 0 | DN31: =if($F31=$G31,if(and($F31=$G31,BI31<>BJ31),'Thể lệ'!$E$6,if($F31=BI31,0,0.5*'Thể lệ'!$E$6)),if(and($F31=BI31,$G31=BJ31),"0",if(($F31-$G31)*(BI31-BJ31)>0,0.5*'Thể lệ'!$E$6,'Thể lệ'!$E$6))) -> 10000
B32: 26 | C32: 46192.083 | D32: 46192.083 | E32: Switzerland | H32: Bosnia/Herzeg. | Q32: =AE32 | R32: =AF32 | S32: 2 | T32: 0 | AO32: 2 | AP32: 2 | AS32: 2 | AT32: 0 | BC32: 2 | BD32: 1 | BI32: =H.Son!H32 -> 2 | BJ32: =H.Son!I32 -> 0 | BN32: =if($F32=$G32,if(and($F32=$G32,I32<>J32),'Thể lệ'!$E$6,if($F32=I32,0,0.5*'Thể lệ'!$E$6)),if(and($F32=I32,$G32=J32),"0",if(($F32-$G32)*(I32-J32)>0,0.5*'Thể lệ'!$E$6,'Thể lệ'!$E$6))) -> 0 | BP32: =if($F32=$G32,if(and($F32=$G32,K32<>L32),'Thể lệ'!$E$6,if($F32=K32,0,0.5*'Thể lệ'!$E$6)),if(and($F32=K32,$G32=L32),"0",if(($F32-$G32)*(K32-L32)>0,0.5*'Thể lệ'!$E$6,'Thể lệ'!$E$6))) -> 0 | BR32: =if($F32=$G32,if(and($F32=$G32,M32<>N32),'Thể lệ'!$E$6,if($F32=M32,0,0.5*'Thể lệ'!$E$6)),if(and($F32=M32,$G32=N32),"0",if(($F32-$G32)*(M32-N32)>0,0.5*'Thể lệ'!$E$6,'Thể lệ'!$E$6))) -> 0 | BT32: =if($F32=$G32,if(and($F32=$G32,O32<>P32),'Thể lệ'!$E$6,if($F32=O32,0,0.5*'Thể lệ'!$E$6)),if(and($F32=O32,$G32=P32),"0",if(($F32-$G32)*(O32-P32)>0,0.5*'Thể lệ'!$E$6,'Thể lệ'!$E$6))) -> 0 | BV32: =if($F32=$G32,if(and($F32=$G32,Q32<>R32),'Thể lệ'!$E$6,if($F32=Q32,0,0.5*'Thể lệ'!$E$6)),if(and($F32=Q32,$G32=R32),"0",if(($F32-$G32)*(Q32-R32)>0,0.5*'Thể lệ'!$E$6,'Thể lệ'!$E$6))) -> 0 | BX32: =if($F32=$G32,if(and($F32=$G32,S32<>T32),'Thể lệ'!$E$6,if($F32=S32,0,0.5*'Thể lệ'!$E$6)),if(and($F32=S32,$G32=T32),"0",if(($F32-$G32)*(S32-T32)>0,0.5*'Thể lệ'!$E$6,'Thể lệ'!$E$6))) -> 10000 | BZ32: =if($F32=$G32,if(and($F32=$G32,U32<>V32),'Thể lệ'!$E$6,if($F32=U32,0,0.5*'Thể lệ'!$E$6)),if(and($F32=U32,$G32=V32),"0",if(($F32-$G32)*(U32-V32)>0,0.5*'Thể lệ'!$E$6,'Thể lệ'!$E$6))) -> 0 | CB32: =if($F32=$G32,if(and($F32=$G32,W32<>X32),'Thể lệ'!$E$6,if($F32=W32,0,0.5*'Thể lệ'!$E$6)),if(and($F32=W32,$G32=X32),"0",if(($F32-$G32)*(W32-X32)>0,0.5*'Thể lệ'!$E$6,'Thể lệ'!$E$6))) -> 0 | CD32: =if($F32=$G32,if(and($F32=$G32,Y32<>Z32),'Thể lệ'!$E$6,if($F32=Y32,0,0.5*'Thể lệ'!$E$6)),if(and($F32=Y32,$G32=Z32),"0",if(($F32-$G32)*(Y32-Z32)>0,0.5*'Thể lệ'!$E$6,'Thể lệ'!$E$6))) -> 0 | CF32: =if($F32=$G32,if(and($F32=$G32,AA32<>AB32),'Thể lệ'!$E$6,if($F32=AA32,0,0.5*'Thể lệ'!$E$6)),if(and($F32=AA32,$G32=AB32),"0",if(($F32-$G32)*(AA32-AB32)>0,0.5*'Thể lệ'!$E$6,'Thể lệ'!$E$6))) -> 0 | CH32: =if($F32=$G32,if(and($F32=$G32,AC32<>AD32),'Thể lệ'!$E$6,if($F32=AC32,0,0.5*'Thể lệ'!$E$6)),if(and($F32=AC32,$G32=AD32),"0",if(($F32-$G32)*(AC32-AD32)>0,0.5*'Thể lệ'!$E$6,'Thể lệ'!$E$6))) -> 0 | CJ32: =if($F32=$G32,if(and($F32=$G32,AE32<>AF32),'Thể lệ'!$E$6,if($F32=AE32,0,0.5*'Thể lệ'!$E$6)),if(and($F32=AE32,$G32=AF32),"0",if(($F32-$G32)*(AE32-AF32)>0,0.5*'Thể lệ'!$E$6,'Thể lệ'!$E$6))) -> 0 | CL32: =if($F32=$G32,if(and($F32=$G32,AG32<>AH32),'Thể lệ'!$E$6,if($F32=AG32,0,0.5*'Thể lệ'!$E$6)),if(and($F32=AG32,$G32=AH32),"0",if(($F32-$G32)*(AG32-AH32)>0,0.5*'Thể lệ'!$E$6,'Thể lệ'!$E$6))) -> 0 | CN32: =if($F32=$G32,if(and($F32=$G32,AI32<>AJ32),'Thể lệ'!$E$6,if($F32=AI32,0,0.5*'Thể lệ'!$E$6)),if(and($F32=AI32,$G32=AJ32),"0",if(($F32-$G32)*(AI32-AJ32)>0,0.5*'Thể lệ'!$E$6,'Thể lệ'!$E$6))) -> 0 | CP32: =if($F32=$G32,if(and($F32=$G32,AK32<>AL32),'Thể lệ'!$E$6,if($F32=AK32,0,0.5*'Thể lệ'!$E$6)),if(and($F32=AK32,$G32=AL32),"0",if(($F32-$G32)*(AK32-AL32)>0,0.5*'Thể lệ'!$E$6,'Thể lệ'!$E$6))) -> 0 | CR32: =if($F32=$G32,if(and($F32=$G32,AM32<>AN32),'Thể lệ'!$E$6,if($F32=AM32,0,0.5*'Thể lệ'!$E$6)),if(and($F32=AM32,$G32=AN32),"0",if(($F32-$G32)*(AM32-AN32)>0,0.5*'Thể lệ'!$E$6,'Thể lệ'!$E$6))) -> 0 | CT32: =if($F32=$G32,if(and($F32=$G32,AO32<>AP32),'Thể lệ'!$E$6,if($F32=AO32,0,0.5*'Thể lệ'!$E$6)),if(and($F32=AO32,$G32=AP32),"0",if(($F32-$G32)*(AO32-AP32)>0,0.5*'Thể lệ'!$E$6,'Thể lệ'!$E$6))) -> 5000 | CV32: =if($F32=$G32,if(and($F32=$G32,AQ32<>AR32),'Thể lệ'!$E$6,if($F32=AQ32,0,0.5*'Thể lệ'!$E$6)),if(and($F32=AQ32,$G32=AR32),"0",if(($F32-$G32)*(AQ32-AR32)>0,0.5*'Thể lệ'!$E$6,'Thể lệ'!$E$6))) -> 0 | CX32: =if($F32=$G32,if(and($F32=$G32,AS32<>AT32),'Thể lệ'!$E$6,if($F32=AS32,0,0.5*'Thể lệ'!$E$6)),if(and($F32=AS32,$G32=AT32),"0",if(($F32-$G32)*(AS32-AT32)>0,0.5*'Thể lệ'!$E$6,'Thể lệ'!$E$6))) -> 10000 | CZ32: =if($F32=$G32,if(and($F32=$G32,AU32<>AV32),'Thể lệ'!$E$6,if($F32=AU32,0,0.5*'Thể lệ'!$E$6)),if(and($F32=AU32,$G32=AV32),"0",if(($F32-$G32)*(AU32-AV32)>0,0.5*'Thể lệ'!$E$6,'Thể lệ'!$E$6))) -> 0 | DB32: =if($F32=$G32,if(and($F32=$G32,AW32<>AX32),'Thể lệ'!$E$6,if($F32=AW32,0,0.5*'Thể lệ'!$E$6)),if(and($F32=AW32,$G32=AX32),"0",if(($F32-$G32)*(AW32-AX32)>0,0.5*'Thể lệ'!$E$6,'Thể lệ'!$E$6))) -> 0 | DD32: =if($F32=$G32,if(and($F32=$G32,AY32<>AZ32),'Thể lệ'!$E$6,if($F32=AY32,0,0.5*'Thể lệ'!$E$6)),if(and($F32=AY32,$G32=AZ32),"0",if(($F32-$G32)*(AY32-AZ32)>0,0.5*'Thể lệ'!$E$6,'Thể lệ'!$E$6))) -> 0 | DF32: =if($F32=$G32,if(and($F32=$G32,BA32<>BB32),'Thể lệ'!$E$6,if($F32=BA32,0,0.5*'Thể lệ'!$E$6)),if(and($F32=BA32,$G32=BB32),"0",if(($F32-$G32)*(BA32-BB32)>0,0.5*'Thể lệ'!$E$6,'Thể lệ'!$E$6))) -> 0 | DH32: =if($F32=$G32,if(and($F32=$G32,BC32<>BD32),'Thể lệ'!$E$6,if($F32=BC32,0,0.5*'Thể lệ'!$E$6)),if(and($F32=BC32,$G32=BD32),"0",if(($F32-$G32)*(BC32-BD32)>0,0.5*'Thể lệ'!$E$6,'Thể lệ'!$E$6))) -> 10000 | DJ32: =if($F32=$G32,if(and($F32=$G32,BE32<>BF32),'Thể lệ'!$E$6,if($F32=BE32,0,0.5*'Thể lệ'!$E$6)),if(and($F32=BE32,$G32=BF32),"0",if(($F32-$G32)*(BE32-BF32)>0,0.5*'Thể lệ'!$E$6,'Thể lệ'!$E$6))) -> 0 | DL32: =if($F32=$G32,if(and($F32=$G32,BG32<>BH32),'Thể lệ'!$E$6,if($F32=BG32,0,0.5*'Thể lệ'!$E$6)),if(and($F32=BG32,$G32=BH32),"0",if(($F32-$G32)*(BG32-BH32)>0,0.5*'Thể lệ'!$E$6,'Thể lệ'!$E$6))) -> 0 | DN32: =if($F32=$G32,if(and($F32=$G32,BI32<>BJ32),'Thể lệ'!$E$6,if($F32=BI32,0,0.5*'Thể lệ'!$E$6)),if(and($F32=BI32,$G32=BJ32),"0",if(($F32-$G32)*(BI32-BJ32)>0,0.5*'Thể lệ'!$E$6,'Thể lệ'!$E$6))) -> 10000
B33: 27 | C33: 46192.208 | D33: 46192.208 | E33: Canada | H33: Qatar | Q33: =AE33 | R33: =AF33 | S33: 2 | T33: 0 | AO33: 2 | AP33: 2 | AS33: 1 | AT33: 1 | BC33: 3 | BD33: 0 | BI33: =H.Son!H33 -> 1 | BJ33: =H.Son!I33 -> 0 | BN33: =if($F33=$G33,if(and($F33=$G33,I33<>J33),'Thể lệ'!$E$6,if($F33=I33,0,0.5*'Thể lệ'!$E$6)),if(and($F33=I33,$G33=J33),"0",if(($F33-$G33)*(I33-J33)>0,0.5*'Thể lệ'!$E$6,'Thể lệ'!$E$6))) -> 0 | BP33: =if($F33=$G33,if(and($F33=$G33,K33<>L33),'Thể lệ'!$E$6,if($F33=K33,0,0.5*'Thể lệ'!$E$6)),if(and($F33=K33,$G33=L33),"0",if(($F33-$G33)*(K33-L33)>0,0.5*'Thể lệ'!$E$6,'Thể lệ'!$E$6))) -> 0 | BR33: =if($F33=$G33,if(and($F33=$G33,M33<>N33),'Thể lệ'!$E$6,if($F33=M33,0,0.5*'Thể lệ'!$E$6)),if(and($F33=M33,$G33=N33),"0",if(($F33-$G33)*(M33-N33)>0,0.5*'Thể lệ'!$E$6,'Thể lệ'!$E$6))) -> 0 | BT33: =if($F33=$G33,if(and($F33=$G33,O33<>P33),'Thể lệ'!$E$6,if($F33=O33,0,0.5*'Thể lệ'!$E$6)),if(and($F33=O33,$G33=P33),"0",if(($F33-$G33)*(O33-P33)>0,0.5*'Thể lệ'!$E$6,'Thể lệ'!$E$6))) -> 0 | BV33: =if($F33=$G33,if(and($F33=$G33,Q33<>R33),'Thể lệ'!$E$6,if($F33=Q33,0,0.5*'Thể lệ'!$E$6)),if(and($F33=Q33,$G33=R33),"0",if(($F33-$G33)*(Q33-R33)>0,0.5*'Thể lệ'!$E$6,'Thể lệ'!$E$6))) -> 0 | BX33: =if($F33=$G33,if(and($F33=$G33,S33<>T33),'Thể lệ'!$E$6,if($F33=S33,0,0.5*'Thể lệ'!$E$6)),if(and($F33=S33,$G33=T33),"0",if(($F33-$G33)*(S33-T33)>0,0.5*'Thể lệ'!$E$6,'Thể lệ'!$E$6))) -> 10000 | BZ33: =if($F33=$G33,if(and($F33=$G33,U33<>V33),'Thể lệ'!$E$6,if($F33=U33,0,0.5*'Thể lệ'!$E$6)),if(and($F33=U33,$G33=V33),"0",if(($F33-$G33)*(U33-V33)>0,0.5*'Thể lệ'!$E$6,'Thể lệ'!$E$6))) -> 0 | CB33: =if($F33=$G33,if(and($F33=$G33,W33<>X33),'Thể lệ'!$E$6,if($F33=W33,0,0.5*'Thể lệ'!$E$6)),if(and($F33=W33,$G33=X33),"0",if(($F33-$G33)*(W33-X33)>0,0.5*'Thể lệ'!$E$6,'Thể lệ'!$E$6))) -> 0 | CD33: =if($F33=$G33,if(and($F33=$G33,Y33<>Z33),'Thể lệ'!$E$6,if($F33=Y33,0,0.5*'Thể lệ'!$E$6)),if(and($F33=Y33,$G33=Z33),"0",if(($F33-$G33)*(Y33-Z33)>0,0.5*'Thể lệ'!$E$6,'Thể lệ'!$E$6))) -> 0 | CF33: =if($F33=$G33,if(and($F33=$G33,AA33<>AB33),'Thể lệ'!$E$6,if($F33=AA33,0,0.5*'Thể lệ'!$E$6)),if(and($F33=AA33,$G33=AB33),"0",if(($F33-$G33)*(AA33-AB33)>0,0.5*'Thể lệ'!$E$6,'Thể lệ'!$E$6))) -> 0 | CH33: =if($F33=$G33,if(and($F33=$G33,AC33<>AD33),'Thể lệ'!$E$6,if($F33=AC33,0,0.5*'Thể lệ'!$E$6)),if(and($F33=AC33,$G33=AD33),"0",if(($F33-$G33)*(AC33-AD33)>0,0.5*'Thể lệ'!$E$6,'Thể lệ'!$E$6))) -> 0 | CJ33: =if($F33=$G33,if(and($F33=$G33,AE33<>AF33),'Thể lệ'!$E$6,if($F33=AE33,0,0.5*'Thể lệ'!$E$6)),if(and($F33=AE33,$G33=AF33),"0",if(($F33-$G33)*(AE33-AF33)>0,0.5*'Thể lệ'!$E$6,'Thể lệ'!$E$6))) -> 0 | CL33: =if($F33=$G33,if(and($F33=$G33,AG33<>AH33),'Thể lệ'!$E$6,if($F33=AG33,0,0.5*'Thể lệ'!$E$6)),if(and($F33=AG33,$G33=AH33),"0",if(($F33-$G33)*(AG33-AH33)>0,0.5*'Thể lệ'!$E$6,'Thể lệ'!$E$6))) -> 0 | CN33: =if($F33=$G33,if(and($F33=$G33,AI33<>AJ33),'Thể lệ'!$E$6,if($F33=AI33,0,0.5*'Thể lệ'!$E$6)),if(and($F33=AI33,$G33=AJ33),"0",if(($F33-$G33)*(AI33-AJ33)>0,0.5*'Thể lệ'!$E$6,'Thể lệ'!$E$6))) -> 0 | CP33: =if($F33=$G33,if(and($F33=$G33,AK33<>AL33),'Thể lệ'!$E$6,if($F33=AK33,0,0.5*'Thể lệ'!$E$6)),if(and($F33=AK33,$G33=AL33),"0",if(($F33-$G33)*(AK33-AL33)>0,0.5*'Thể lệ'!$E$6,'Thể lệ'!$E$6))) -> 0 | CR33: =if($F33=$G33,if(and($F33=$G33,AM33<>AN33),'Thể lệ'!$E$6,if($F33=AM33,0,0.5*'Thể lệ'!$E$6)),if(and($F33=AM33,$G33=AN33),"0",if(($F33-$G33)*(AM33-AN33)>0,0.5*'Thể lệ'!$E$6,'Thể lệ'!$E$6))) -> 0 | CT33: =if($F33=$G33,if(and($F33=$G33,AO33<>AP33),'Thể lệ'!$E$6,if($F33=AO33,0,0.5*'Thể lệ'!$E$6)),if(and($F33=AO33,$G33=AP33),"0",if(($F33-$G33)*(AO33-AP33)>0,0.5*'Thể lệ'!$E$6,'Thể lệ'!$E$6))) -> 5000 | CV33: =if($F33=$G33,if(and($F33=$G33,AQ33<>AR33),'Thể lệ'!$E$6,if($F33=AQ33,0,0.5*'Thể lệ'!$E$6)),if(and($F33=AQ33,$G33=AR33),"0",if(($F33-$G33)*(AQ33-AR33)>0,0.5*'Thể lệ'!$E$6,'Thể lệ'!$E$6))) -> 0 | CX33: =if($F33=$G33,if(and($F33=$G33,AS33<>AT33),'Thể lệ'!$E$6,if($F33=AS33,0,0.5*'Thể lệ'!$E$6)),if(and($F33=AS33,$G33=AT33),"0",if(($F33-$G33)*(AS33-AT33)>0,0.5*'Thể lệ'!$E$6,'Thể lệ'!$E$6))) -> 5000 | CZ33: =if($F33=$G33,if(and($F33=$G33,AU33<>AV33),'Thể lệ'!$E$6,if($F33=AU33,0,0.5*'Thể lệ'!$E$6)),if(and($F33=AU33,$G33=AV33),"0",if(($F33-$G33)*(AU33-AV33)>0,0.5*'Thể lệ'!$E$6,'Thể lệ'!$E$6))) -> 0 | DB33: =if($F33=$G33,if(and($F33=$G33,AW33<>AX33),'Thể lệ'!$E$6,if($F33=AW33,0,0.5*'Thể lệ'!$E$6)),if(and($F33=AW33,$G33=AX33),"0",if(($F33-$G33)*(AW33-AX33)>0,0.5*'Thể lệ'!$E$6,'Thể lệ'!$E$6))) -> 0 | DD33: =if($F33=$G33,if(and($F33=$G33,AY33<>AZ33),'Thể lệ'!$E$6,if($F33=AY33,0,0.5*'Thể lệ'!$E$6)),if(and($F33=AY33,$G33=AZ33),"0",if(($F33-$G33)*(AY33-AZ33)>0,0.5*'Thể lệ'!$E$6,'Thể lệ'!$E$6))) -> 0 | DF33: =if($F33=$G33,if(and($F33=$G33,BA33<>BB33),'Thể lệ'!$E$6,if($F33=BA33,0,0.5*'Thể lệ'!$E$6)),if(and($F33=BA33,$G33=BB33),"0",if(($F33-$G33)*(BA33-BB33)>0,0.5*'Thể lệ'!$E$6,'Thể lệ'!$E$6))) -> 0 | DH33: =if($F33=$G33,if(and($F33=$G33,BC33<>BD33),'Thể lệ'!$E$6,if($F33=BC33,0,0.5*'Thể lệ'!$E$6)),if(and($F33=BC33,$G33=BD33),"0",if(($F33-$G33)*(BC33-BD33)>0,0.5*'Thể lệ'!$E$6,'Thể lệ'!$E$6))) -> 10000 | DJ33: =if($F33=$G33,if(and($F33=$G33,BE33<>BF33),'Thể lệ'!$E$6,if($F33=BE33,0,0.5*'Thể lệ'!$E$6)),if(and($F33=BE33,$G33=BF33),"0",if(($F33-$G33)*(BE33-BF33)>0,0.5*'Thể lệ'!$E$6,'Thể lệ'!$E$6))) -> 0 | DL33: =if($F33=$G33,if(and($F33=$G33,BG33<>BH33),'Thể lệ'!$E$6,if($F33=BG33,0,0.5*'Thể lệ'!$E$6)),if(and($F33=BG33,$G33=BH33),"0",if(($F33-$G33)*(BG33-BH33)>0,0.5*'Thể lệ'!$E$6,'Thể lệ'!$E$6))) -> 0 | DN33: =if($F33=$G33,if(and($F33=$G33,BI33<>BJ33),'Thể lệ'!$E$6,if($F33=BI33,0,0.5*'Thể lệ'!$E$6)),if(and($F33=BI33,$G33=BJ33),"0",if(($F33-$G33)*(BI33-BJ33)>0,0.5*'Thể lệ'!$E$6,'Thể lệ'!$E$6))) -> 10000
B34: 28 | C34: 46192.333 | D34: 46192.333 | E34: Mexico | H34: Rep. of Korea | Q34: =AE34 | R34: =AF34 | S34: 2 | T34: 1 | AO34: 2 | AP34: 1 | AS34: 2 | AT34: 1 | BC34: 1 | BD34: 1 | BI34: =H.Son!H34 -> 1 | BJ34: =H.Son!I34 -> 1 | BN34: =if($F34=$G34,if(and($F34=$G34,I34<>J34),'Thể lệ'!$E$6,if($F34=I34,0,0.5*'Thể lệ'!$E$6)),if(and($F34=I34,$G34=J34),"0",if(($F34-$G34)*(I34-J34)>0,0.5*'Thể lệ'!$E$6,'Thể lệ'!$E$6))) -> 0 | BP34: =if($F34=$G34,if(and($F34=$G34,K34<>L34),'Thể lệ'!$E$6,if($F34=K34,0,0.5*'Thể lệ'!$E$6)),if(and($F34=K34,$G34=L34),"0",if(($F34-$G34)*(K34-L34)>0,0.5*'Thể lệ'!$E$6,'Thể lệ'!$E$6))) -> 0 | BR34: =if($F34=$G34,if(and($F34=$G34,M34<>N34),'Thể lệ'!$E$6,if($F34=M34,0,0.5*'Thể lệ'!$E$6)),if(and($F34=M34,$G34=N34),"0",if(($F34-$G34)*(M34-N34)>0,0.5*'Thể lệ'!$E$6,'Thể lệ'!$E$6))) -> 0 | BT34: =if($F34=$G34,if(and($F34=$G34,O34<>P34),'Thể lệ'!$E$6,if($F34=O34,0,0.5*'Thể lệ'!$E$6)),if(and($F34=O34,$G34=P34),"0",if(($F34-$G34)*(O34-P34)>0,0.5*'Thể lệ'!$E$6,'Thể lệ'!$E$6))) -> 0 | BV34: =if($F34=$G34,if(and($F34=$G34,Q34<>R34),'Thể lệ'!$E$6,if($F34=Q34,0,0.5*'Thể lệ'!$E$6)),if(and($F34=Q34,$G34=R34),"0",if(($F34-$G34)*(Q34-R34)>0,0.5*'Thể lệ'!$E$6,'Thể lệ'!$E$6))) -> 0 | BX34: =if($F34=$G34,if(and($F34=$G34,S34<>T34),'Thể lệ'!$E$6,if($F34=S34,0,0.5*'Thể lệ'!$E$6)),if(and($F34=S34,$G34=T34),"0",if(($F34-$G34)*(S34-T34)>0,0.5*'Thể lệ'!$E$6,'Thể lệ'!$E$6))) -> 10000 | BZ34: =if($F34=$G34,if(and($F34=$G34,U34<>V34),'Thể lệ'!$E$6,if($F34=U34,0,0.5*'Thể lệ'!$E$6)),if(and($F34=U34,$G34=V34),"0",if(($F34-$G34)*(U34-V34)>0,0.5*'Thể lệ'!$E$6,'Thể lệ'!$E$6))) -> 0 | CB34: =if($F34=$G34,if(and($F34=$G34,W34<>X34),'Thể lệ'!$E$6,if($F34=W34,0,0.5*'Thể lệ'!$E$6)),if(and($F34=W34,$G34=X34),"0",if(($F34-$G34)*(W34-X34)>0,0.5*'Thể lệ'!$E$6,'Thể lệ'!$E$6))) -> 0 | CD34: =if($F34=$G34,if(and($F34=$G34,Y34<>Z34),'Thể lệ'!$E$6,if($F34=Y34,0,0.5*'Thể lệ'!$E$6)),if(and($F34=Y34,$G34=Z34),"0",if(($F34-$G34)*(Y34-Z34)>0,0.5*'Thể lệ'!$E$6,'Thể lệ'!$E$6))) -> 0 | CF34: =if($F34=$G34,if(and($F34=$G34,AA34<>AB34),'Thể lệ'!$E$6,if($F34=AA34,0,0.5*'Thể lệ'!$E$6)),if(and($F34=AA34,$G34=AB34),"0",if(($F34-$G34)*(AA34-AB34)>0,0.5*'Thể lệ'!$E$6,'Thể lệ'!$E$6))) -> 0 | CH34: =if($F34=$G34,if(and($F34=$G34,AC34<>AD34),'Thể lệ'!$E$6,if($F34=AC34,0,0.5*'Thể lệ'!$E$6)),if(and($F34=AC34,$G34=AD34),"0",if(($F34-$G34)*(AC34-AD34)>0,0.5*'Thể lệ'!$E$6,'Thể lệ'!$E$6))) -> 0 | CJ34: =if($F34=$G34,if(and($F34=$G34,AE34<>AF34),'Thể lệ'!$E$6,if($F34=AE34,0,0.5*'Thể lệ'!$E$6)),if(and($F34=AE34,$G34=AF34),"0",if(($F34-$G34)*(AE34-AF34)>0,0.5*'Thể lệ'!$E$6,'Thể lệ'!$E$6))) -> 0 | CL34: =if($F34=$G34,if(and($F34=$G34,AG34<>AH34),'Thể lệ'!$E$6,if($F34=AG34,0,0.5*'Thể lệ'!$E$6)),if(and($F34=AG34,$G34=AH34),"0",if(($F34-$G34)*(AG34-AH34)>0,0.5*'Thể lệ'!$E$6,'Thể lệ'!$E$6))) -> 0 | CN34: =if($F34=$G34,if(and($F34=$G34,AI34<>AJ34),'Thể lệ'!$E$6,if($F34=AI34,0,0.5*'Thể lệ'!$E$6)),if(and($F34=AI34,$G34=AJ34),"0",if(($F34-$G34)*(AI34-AJ34)>0,0.5*'Thể lệ'!$E$6,'Thể lệ'!$E$6))) -> 0 | CP34: =if($F34=$G34,if(and($F34=$G34,AK34<>AL34),'Thể lệ'!$E$6,if($F34=AK34,0,0.5*'Thể lệ'!$E$6)),if(and($F34=AK34,$G34=AL34),"0",if(($F34-$G34)*(AK34-AL34)>0,0.5*'Thể lệ'!$E$6,'Thể lệ'!$E$6))) -> 0 | CR34: =if($F34=$G34,if(and($F34=$G34,AM34<>AN34),'Thể lệ'!$E$6,if($F34=AM34,0,0.5*'Thể lệ'!$E$6)),if(and($F34=AM34,$G34=AN34),"0",if(($F34-$G34)*(AM34-AN34)>0,0.5*'Thể lệ'!$E$6,'Thể lệ'!$E$6))) -> 0 | CT34: =if($F34=$G34,if(and($F34=$G34,AO34<>AP34),'Thể lệ'!$E$6,if($F34=AO34,0,0.5*'Thể lệ'!$E$6)),if(and($F34=AO34,$G34=AP34),"0",if(($F34-$G34)*(AO34-AP34)>0,0.5*'Thể lệ'!$E$6,'Thể lệ'!$E$6))) -> 10000 | CV34: =if($F34=$G34,if(and($F34=$G34,AQ34<>AR34),'Thể lệ'!$E$6,if($F34=AQ34,0,0.5*'Thể lệ'!$E$6)),if(and($F34=AQ34,$G34=AR34),"0",if(($F34-$G34)*(AQ34-AR34)>0,0.5*'Thể lệ'!$E$6,'Thể lệ'!$E$6))) -> 0 | CX34: =if($F34=$G34,if(and($F34=$G34,AS34<>AT34),'Thể lệ'!$E$6,if($F34=AS34,0,0.5*'Thể lệ'!$E$6)),if(and($F34=AS34,$G34=AT34),"0",if(($F34-$G34)*(AS34-AT34)>0,0.5*'Thể lệ'!$E$6,'Thể lệ'!$E$6))) -> 10000 | CZ34: =if($F34=$G34,if(and($F34=$G34,AU34<>AV34),'Thể lệ'!$E$6,if($F34=AU34,0,0.5*'Thể lệ'!$E$6)),if(and($F34=AU34,$G34=AV34),"0",if(($F34-$G34)*(AU34-AV34)>0,0.5*'Thể lệ'!$E$6,'Thể lệ'!$E$6))) -> 0 | DB34: =if($F34=$G34,if(and($F34=$G34,AW34<>AX34),'Thể lệ'!$E$6,if($F34=AW34,0,0.5*'Thể lệ'!$E$6)),if(and($F34=AW34,$G34=AX34),"0",if(($F34-$G34)*(AW34-AX34)>0,0.5*'Thể lệ'!$E$6,'Thể lệ'!$E$6))) -> 0 | DD34: =if($F34=$G34,if(and($F34=$G34,AY34<>AZ34),'Thể lệ'!$E$6,if($F34=AY34,0,0.5*'Thể lệ'!$E$6)),if(and($F34=AY34,$G34=AZ34),"0",if(($F34-$G34)*(AY34-AZ34)>0,0.5*'Thể lệ'!$E$6,'Thể lệ'!$E$6))) -> 0 | DF34: =if($F34=$G34,if(and($F34=$G34,BA34<>BB34),'Thể lệ'!$E$6,if($F34=BA34,0,0.5*'Thể lệ'!$E$6)),if(and($F34=BA34,$G34=BB34),"0",if(($F34-$G34)*(BA34-BB34)>0,0.5*'Thể lệ'!$E$6,'Thể lệ'!$E$6))) -> 0 | DH34: =if($F34=$G34,if(and($F34=$G34,BC34<>BD34),'Thể lệ'!$E$6,if($F34=BC34,0,0.5*'Thể lệ'!$E$6)),if(and($F34=BC34,$G34=BD34),"0",if(($F34-$G34)*(BC34-BD34)>0,0.5*'Thể lệ'!$E$6,'Thể lệ'!$E$6))) -> 5000 | DJ34: =if($F34=$G34,if(and($F34=$G34,BE34<>BF34),'Thể lệ'!$E$6,if($F34=BE34,0,0.5*'Thể lệ'!$E$6)),if(and($F34=BE34,$G34=BF34),"0",if(($F34-$G34)*(BE34-BF34)>0,0.5*'Thể lệ'!$E$6,'Thể lệ'!$E$6))) -> 0 | DL34: =if($F34=$G34,if(and($F34=$G34,BG34<>BH34),'Thể lệ'!$E$6,if($F34=BG34,0,0.5*'Thể lệ'!$E$6)),if(and($F34=BG34,$G34=BH34),"0",if(($F34-$G34)*(BG34-BH34)>0,0.5*'Thể lệ'!$E$6,'Thể lệ'!$E$6))) -> 0 | DN34: =if($F34=$G34,if(and($F34=$G34,BI34<>BJ34),'Thể lệ'!$E$6,if($F34=BI34,0,0.5*'Thể lệ'!$E$6)),if(and($F34=BI34,$G34=BJ34),"0",if(($F34-$G34)*(BI34-BJ34)>0,0.5*'Thể lệ'!$E$6,'Thể lệ'!$E$6))) -> 5000
B35: 29 | C35: 46193.083 | D35: 46193.083 | E35: USA | H35: Australia | Q35: =AE35 | R35: =AF35 | S35: 2 | T35: 1 | AO35: 2 | AP35: 2 | AS35: 2 | AT35: 0 | BC35: 2 | BD35: 1 | BI35: =H.Son!H35 -> 2 | BJ35: =H.Son!I35 -> 1 | BN35: =if($F35=$G35,if(and($F35=$G35,I35<>J35),'Thể lệ'!$E$6,if($F35=I35,0,0.5*'Thể lệ'!$E$6)),if(and($F35=I35,$G35=J35),"0",if(($F35-$G35)*(I35-J35)>0,0.5*'Thể lệ'!$E$6,'Thể lệ'!$E$6))) -> 0 | BP35: =if($F35=$G35,if(and($F35=$G35,K35<>L35),'Thể lệ'!$E$6,if($F35=K35,0,0.5*'Thể lệ'!$E$6)),if(and($F35=K35,$G35=L35),"0",if(($F35-$G35)*(K35-L35)>0,0.5*'Thể lệ'!$E$6,'Thể lệ'!$E$6))) -> 0 | BR35: =if($F35=$G35,if(and($F35=$G35,M35<>N35),'Thể lệ'!$E$6,if($F35=M35,0,0.5*'Thể lệ'!$E$6)),if(and($F35=M35,$G35=N35),"0",if(($F35-$G35)*(M35-N35)>0,0.5*'Thể lệ'!$E$6,'Thể lệ'!$E$6))) -> 0 | BT35: =if($F35=$G35,if(and($F35=$G35,O35<>P35),'Thể lệ'!$E$6,if($F35=O35,0,0.5*'Thể lệ'!$E$6)),if(and($F35=O35,$G35=P35),"0",if(($F35-$G35)*(O35-P35)>0,0.5*'Thể lệ'!$E$6,'Thể lệ'!$E$6))) -> 0 | BV35: =if($F35=$G35,if(and($F35=$G35,Q35<>R35),'Thể lệ'!$E$6,if($F35=Q35,0,0.5*'Thể lệ'!$E$6)),if(and($F35=Q35,$G35=R35),"0",if(($F35-$G35)*(Q35-R35)>0,0.5*'Thể lệ'!$E$6,'Thể lệ'!$E$6))) -> 0 | BX35: =if($F35=$G35,if(and($F35=$G35,S35<>T35),'Thể lệ'!$E$6,if($F35=S35,0,0.5*'Thể lệ'!$E$6)),if(and($F35=S35,$G35=T35),"0",if(($F35-$G35)*(S35-T35)>0,0.5*'Thể lệ'!$E$6,'Thể lệ'!$E$6))) -> 10000 | BZ35: =if($F35=$G35,if(and($F35=$G35,U35<>V35),'Thể lệ'!$E$6,if($F35=U35,0,0.5*'Thể lệ'!$E$6)),if(and($F35=U35,$G35=V35),"0",if(($F35-$G35)*(U35-V35)>0,0.5*'Thể lệ'!$E$6,'Thể lệ'!$E$6))) -> 0 | CB35: =if($F35=$G35,if(and($F35=$G35,W35<>X35),'Thể lệ'!$E$6,if($F35=W35,0,0.5*'Thể lệ'!$E$6)),if(and($F35=W35,$G35=X35),"0",if(($F35-$G35)*(W35-X35)>0,0.5*'Thể lệ'!$E$6,'Thể lệ'!$E$6))) -> 0 | CD35: =if($F35=$G35,if(and($F35=$G35,Y35<>Z35),'Thể lệ'!$E$6,if($F35=Y35,0,0.5*'Thể lệ'!$E$6)),if(and($F35=Y35,$G35=Z35),"0",if(($F35-$G35)*(Y35-Z35)>0,0.5*'Thể lệ'!$E$6,'Thể lệ'!$E$6))) -> 0 | CF35: =if($F35=$G35,if(and($F35=$G35,AA35<>AB35),'Thể lệ'!$E$6,if($F35=AA35,0,0.5*'Thể lệ'!$E$6)),if(and($F35=AA35,$G35=AB35),"0",if(($F35-$G35)*(AA35-AB35)>0,0.5*'Thể lệ'!$E$6,'Thể lệ'!$E$6))) -> 0 | CH35: =if($F35=$G35,if(and($F35=$G35,AC35<>AD35),'Thể lệ'!$E$6,if($F35=AC35,0,0.5*'Thể lệ'!$E$6)),if(and($F35=AC35,$G35=AD35),"0",if(($F35-$G35)*(AC35-AD35)>0,0.5*'Thể lệ'!$E$6,'Thể lệ'!$E$6))) -> 0 | CJ35: =if($F35=$G35,if(and($F35=$G35,AE35<>AF35),'Thể lệ'!$E$6,if($F35=AE35,0,0.5*'Thể lệ'!$E$6)),if(and($F35=AE35,$G35=AF35),"0",if(($F35-$G35)*(AE35-AF35)>0,0.5*'Thể lệ'!$E$6,'Thể lệ'!$E$6))) -> 0 | CL35: =if($F35=$G35,if(and($F35=$G35,AG35<>AH35),'Thể lệ'!$E$6,if($F35=AG35,0,0.5*'Thể lệ'!$E$6)),if(and($F35=AG35,$G35=AH35),"0",if(($F35-$G35)*(AG35-AH35)>0,0.5*'Thể lệ'!$E$6,'Thể lệ'!$E$6))) -> 0 | CN35: =if($F35=$G35,if(and($F35=$G35,AI35<>AJ35),'Thể lệ'!$E$6,if($F35=AI35,0,0.5*'Thể lệ'!$E$6)),if(and($F35=AI35,$G35=AJ35),"0",if(($F35-$G35)*(AI35-AJ35)>0,0.5*'Thể lệ'!$E$6,'Thể lệ'!$E$6))) -> 0 | CP35: =if($F35=$G35,if(and($F35=$G35,AK35<>AL35),'Thể lệ'!$E$6,if($F35=AK35,0,0.5*'Thể lệ'!$E$6)),if(and($F35=AK35,$G35=AL35),"0",if(($F35-$G35)*(AK35-AL35)>0,0.5*'Thể lệ'!$E$6,'Thể lệ'!$E$6))) -> 0 | CR35: =if($F35=$G35,if(and($F35=$G35,AM35<>AN35),'Thể lệ'!$E$6,if($F35=AM35,0,0.5*'Thể lệ'!$E$6)),if(and($F35=AM35,$G35=AN35),"0",if(($F35-$G35)*(AM35-AN35)>0,0.5*'Thể lệ'!$E$6,'Thể lệ'!$E$6))) -> 0 | CT35: =if($F35=$G35,if(and($F35=$G35,AO35<>AP35),'Thể lệ'!$E$6,if($F35=AO35,0,0.5*'Thể lệ'!$E$6)),if(and($F35=AO35,$G35=AP35),"0",if(($F35-$G35)*(AO35-AP35)>0,0.5*'Thể lệ'!$E$6,'Thể lệ'!$E$6))) -> 5000 | CV35: =if($F35=$G35,if(and($F35=$G35,AQ35<>AR35),'Thể lệ'!$E$6,if($F35=AQ35,0,0.5*'Thể lệ'!$E$6)),if(and($F35=AQ35,$G35=AR35),"0",if(($F35-$G35)*(AQ35-AR35)>0,0.5*'Thể lệ'!$E$6,'Thể lệ'!$E$6))) -> 0 | CX35: =if($F35=$G35,if(and($F35=$G35,AS35<>AT35),'Thể lệ'!$E$6,if($F35=AS35,0,0.5*'Thể lệ'!$E$6)),if(and($F35=AS35,$G35=AT35),"0",if(($F35-$G35)*(AS35-AT35)>0,0.5*'Thể lệ'!$E$6,'Thể lệ'!$E$6))) -> 10000 | CZ35: =if($F35=$G35,if(and($F35=$G35,AU35<>AV35),'Thể lệ'!$E$6,if($F35=AU35,0,0.5*'Thể lệ'!$E$6)),if(and($F35=AU35,$G35=AV35),"0",if(($F35-$G35)*(AU35-AV35)>0,0.5*'Thể lệ'!$E$6,'Thể lệ'!$E$6))) -> 0 | DB35: =if($F35=$G35,if(and($F35=$G35,AW35<>AX35),'Thể lệ'!$E$6,if($F35=AW35,0,0.5*'Thể lệ'!$E$6)),if(and($F35=AW35,$G35=AX35),"0",if(($F35-$G35)*(AW35-AX35)>0,0.5*'Thể lệ'!$E$6,'Thể lệ'!$E$6))) -> 0 | DD35: =if($F35=$G35,if(and($F35=$G35,AY35<>AZ35),'Thể lệ'!$E$6,if($F35=AY35,0,0.5*'Thể lệ'!$E$6)),if(and($F35=AY35,$G35=AZ35),"0",if(($F35-$G35)*(AY35-AZ35)>0,0.5*'Thể lệ'!$E$6,'Thể lệ'!$E$6))) -> 0 | DF35: =if($F35=$G35,if(and($F35=$G35,BA35<>BB35),'Thể lệ'!$E$6,if($F35=BA35,0,0.5*'Thể lệ'!$E$6)),if(and($F35=BA35,$G35=BB35),"0",if(($F35-$G35)*(BA35-BB35)>0,0.5*'Thể lệ'!$E$6,'Thể lệ'!$E$6))) -> 0 | DH35: =if($F35=$G35,if(and($F35=$G35,BC35<>BD35),'Thể lệ'!$E$6,if($F35=BC35,0,0.5*'Thể lệ'!$E$6)),if(and($F35=BC35,$G35=BD35),"0",if(($F35-$G35)*(BC35-BD35)>0,0.5*'Thể lệ'!$E$6,'Thể lệ'!$E$6))) -> 10000 | DJ35: =if($F35=$G35,if(and($F35=$G35,BE35<>BF35),'Thể lệ'!$E$6,if($F35=BE35,0,0.5*'Thể lệ'!$E$6)),if(and($F35=BE35,$G35=BF35),"0",if(($F35-$G35)*(BE35-BF35)>0,0.5*'Thể lệ'!$E$6,'Thể lệ'!$E$6))) -> 0 | DL35: =if($F35=$G35,if(and($F35=$G35,BG35<>BH35),'Thể lệ'!$E$6,if($F35=BG35,0,0.5*'Thể lệ'!$E$6)),if(and($F35=BG35,$G35=BH35),"0",if(($F35-$G35)*(BG35-BH35)>0,0.5*'Thể lệ'!$E$6,'Thể lệ'!$E$6))) -> 0 | DN35: =if($F35=$G35,if(and($F35=$G35,BI35<>BJ35),'Thể lệ'!$E$6,if($F35=BI35,0,0.5*'Thể lệ'!$E$6)),if(and($F35=BI35,$G35=BJ35),"0",if(($F35-$G35)*(BI35-BJ35)>0,0.5*'Thể lệ'!$E$6,'Thể lệ'!$E$6))) -> 10000
B36: 30 | C36: 46193.208 | D36: 46193.208 | E36: Scotland | H36: Morocco | Q36: =AE36 | R36: =AF36 | S36: 1 | T36: 1 | AO36: 2 | AP36: 2 | AS36: 0 | AT36: 3 | BC36: 0 | BD36: 2 | BI36: =H.Son!H36 -> 1 | BJ36: =H.Son!I36 -> 1 | BN36: =if($F36=$G36,if(and($F36=$G36,I36<>J36),'Thể lệ'!$E$6,if($F36=I36,0,0.5*'Thể lệ'!$E$6)),if(and($F36=I36,$G36=J36),"0",if(($F36-$G36)*(I36-J36)>0,0.5*'Thể lệ'!$E$6,'Thể lệ'!$E$6))) -> 0 | BP36: =if($F36=$G36,if(and($F36=$G36,K36<>L36),'Thể lệ'!$E$6,if($F36=K36,0,0.5*'Thể lệ'!$E$6)),if(and($F36=K36,$G36=L36),"0",if(($F36-$G36)*(K36-L36)>0,0.5*'Thể lệ'!$E$6,'Thể lệ'!$E$6))) -> 0 | BR36: =if($F36=$G36,if(and($F36=$G36,M36<>N36),'Thể lệ'!$E$6,if($F36=M36,0,0.5*'Thể lệ'!$E$6)),if(and($F36=M36,$G36=N36),"0",if(($F36-$G36)*(M36-N36)>0,0.5*'Thể lệ'!$E$6,'Thể lệ'!$E$6))) -> 0 | BT36: =if($F36=$G36,if(and($F36=$G36,O36<>P36),'Thể lệ'!$E$6,if($F36=O36,0,0.5*'Thể lệ'!$E$6)),if(and($F36=O36,$G36=P36),"0",if(($F36-$G36)*(O36-P36)>0,0.5*'Thể lệ'!$E$6,'Thể lệ'!$E$6))) -> 0 | BV36: =if($F36=$G36,if(and($F36=$G36,Q36<>R36),'Thể lệ'!$E$6,if($F36=Q36,0,0.5*'Thể lệ'!$E$6)),if(and($F36=Q36,$G36=R36),"0",if(($F36-$G36)*(Q36-R36)>0,0.5*'Thể lệ'!$E$6,'Thể lệ'!$E$6))) -> 0 | BX36: =if($F36=$G36,if(and($F36=$G36,S36<>T36),'Thể lệ'!$E$6,if($F36=S36,0,0.5*'Thể lệ'!$E$6)),if(and($F36=S36,$G36=T36),"0",if(($F36-$G36)*(S36-T36)>0,0.5*'Thể lệ'!$E$6,'Thể lệ'!$E$6))) -> 5000 | BZ36: =if($F36=$G36,if(and($F36=$G36,U36<>V36),'Thể lệ'!$E$6,if($F36=U36,0,0.5*'Thể lệ'!$E$6)),if(and($F36=U36,$G36=V36),"0",if(($F36-$G36)*(U36-V36)>0,0.5*'Thể lệ'!$E$6,'Thể lệ'!$E$6))) -> 0 | CB36: =if($F36=$G36,if(and($F36=$G36,W36<>X36),'Thể lệ'!$E$6,if($F36=W36,0,0.5*'Thể lệ'!$E$6)),if(and($F36=W36,$G36=X36),"0",if(($F36-$G36)*(W36-X36)>0,0.5*'Thể lệ'!$E$6,'Thể lệ'!$E$6))) -> 0 | CD36: =if($F36=$G36,if(and($F36=$G36,Y36<>Z36),'Thể lệ'!$E$6,if($F36=Y36,0,0.5*'Thể lệ'!$E$6)),if(and($F36=Y36,$G36=Z36),"0",if(($F36-$G36)*(Y36-Z36)>0,0.5*'Thể lệ'!$E$6,'Thể lệ'!$E$6))) -> 0 | CF36: =if($F36=$G36,if(and($F36=$G36,AA36<>AB36),'Thể lệ'!$E$6,if($F36=AA36,0,0.5*'Thể lệ'!$E$6)),if(and($F36=AA36,$G36=AB36),"0",if(($F36-$G36)*(AA36-AB36)>0,0.5*'Thể lệ'!$E$6,'Thể lệ'!$E$6))) -> 0 | CH36: =if($F36=$G36,if(and($F36=$G36,AC36<>AD36),'Thể lệ'!$E$6,if($F36=AC36,0,0.5*'Thể lệ'!$E$6)),if(and($F36=AC36,$G36=AD36),"0",if(($F36-$G36)*(AC36-AD36)>0,0.5*'Thể lệ'!$E$6,'Thể lệ'!$E$6))) -> 0 | CJ36: =if($F36=$G36,if(and($F36=$G36,AE36<>AF36),'Thể lệ'!$E$6,if($F36=AE36,0,0.5*'Thể lệ'!$E$6)),if(and($F36=AE36,$G36=AF36),"0",if(($F36-$G36)*(AE36-AF36)>0,0.5*'Thể lệ'!$E$6,'Thể lệ'!$E$6))) -> 0 | CL36: =if($F36=$G36,if(and($F36=$G36,AG36<>AH36),'Thể lệ'!$E$6,if($F36=AG36,0,0.5*'Thể lệ'!$E$6)),if(and($F36=AG36,$G36=AH36),"0",if(($F36-$G36)*(AG36-AH36)>0,0.5*'Thể lệ'!$E$6,'Thể lệ'!$E$6))) -> 0 | CN36: =if($F36=$G36,if(and($F36=$G36,AI36<>AJ36),'Thể lệ'!$E$6,if($F36=AI36,0,0.5*'Thể lệ'!$E$6)),if(and($F36=AI36,$G36=AJ36),"0",if(($F36-$G36)*(AI36-AJ36)>0,0.5*'Thể lệ'!$E$6,'Thể lệ'!$E$6))) -> 0 | CP36: =if($F36=$G36,if(and($F36=$G36,AK36<>AL36),'Thể lệ'!$E$6,if($F36=AK36,0,0.5*'Thể lệ'!$E$6)),if(and($F36=AK36,$G36=AL36),"0",if(($F36-$G36)*(AK36-AL36)>0,0.5*'Thể lệ'!$E$6,'Thể lệ'!$E$6))) -> 0 | CR36: =if($F36=$G36,if(and($F36=$G36,AM36<>AN36),'Thể lệ'!$E$6,if($F36=AM36,0,0.5*'Thể lệ'!$E$6)),if(and($F36=AM36,$G36=AN36),"0",if(($F36-$G36)*(AM36-AN36)>0,0.5*'Thể lệ'!$E$6,'Thể lệ'!$E$6))) -> 0 | CT36: =if($F36=$G36,if(and($F36=$G36,AO36<>AP36),'Thể lệ'!$E$6,if($F36=AO36,0,0.5*'Thể lệ'!$E$6)),if(and($F36=AO36,$G36=AP36),"0",if(($F36-$G36)*(AO36-AP36)>0,0.5*'Thể lệ'!$E$6,'Thể lệ'!$E$6))) -> 5000 | CV36: =if($F36=$G36,if(and($F36=$G36,AQ36<>AR36),'Thể lệ'!$E$6,if($F36=AQ36,0,0.5*'Thể lệ'!$E$6)),if(and($F36=AQ36,$G36=AR36),"0",if(($F36-$G36)*(AQ36-AR36)>0,0.5*'Thể lệ'!$E$6,'Thể lệ'!$E$6))) -> 0 | CX36: =if($F36=$G36,if(and($F36=$G36,AS36<>AT36),'Thể lệ'!$E$6,if($F36=AS36,0,0.5*'Thể lệ'!$E$6)),if(and($F36=AS36,$G36=AT36),"0",if(($F36-$G36)*(AS36-AT36)>0,0.5*'Thể lệ'!$E$6,'Thể lệ'!$E$6))) -> 10000 | CZ36: =if($F36=$G36,if(and($F36=$G36,AU36<>AV36),'Thể lệ'!$E$6,if($F36=AU36,0,0.5*'Thể lệ'!$E$6)),if(and($F36=AU36,$G36=AV36),"0",if(($F36-$G36)*(AU36-AV36)>0,0.5*'Thể lệ'!$E$6,'Thể lệ'!$E$6))) -> 0 | DB36: =if($F36=$G36,if(and($F36=$G36,AW36<>AX36),'Thể lệ'!$E$6,if($F36=AW36,0,0.5*'Thể lệ'!$E$6)),if(and($F36=AW36,$G36=AX36),"0",if(($F36-$G36)*(AW36-AX36)>0,0.5*'Thể lệ'!$E$6,'Thể lệ'!$E$6))) -> 0 | DD36: =if($F36=$G36,if(and($F36=$G36,AY36<>AZ36),'Thể lệ'!$E$6,if($F36=AY36,0,0.5*'Thể lệ'!$E$6)),if(and($F36=AY36,$G36=AZ36),"0",if(($F36-$G36)*(AY36-AZ36)>0,0.5*'Thể lệ'!$E$6,'Thể lệ'!$E$6))) -> 0 | DF36: =if($F36=$G36,if(and($F36=$G36,BA36<>BB36),'Thể lệ'!$E$6,if($F36=BA36,0,0.5*'Thể lệ'!$E$6)),if(and($F36=BA36,$G36=BB36),"0",if(($F36-$G36)*(BA36-BB36)>0,0.5*'Thể lệ'!$E$6,'Thể lệ'!$E$6))) -> 0 | DH36: =if($F36=$G36,if(and($F36=$G36,BC36<>BD36),'Thể lệ'!$E$6,if($F36=BC36,0,0.5*'Thể lệ'!$E$6)),if(and($F36=BC36,$G36=BD36),"0",if(($F36-$G36)*(BC36-BD36)>0,0.5*'Thể lệ'!$E$6,'Thể lệ'!$E$6))) -> 10000 | DJ36: =if($F36=$G36,if(and($F36=$G36,BE36<>BF36),'Thể lệ'!$E$6,if($F36=BE36,0,0.5*'Thể lệ'!$E$6)),if(and($F36=BE36,$G36=BF36),"0",if(($F36-$G36)*(BE36-BF36)>0,0.5*'Thể lệ'!$E$6,'Thể lệ'!$E$6))) -> 0 | DL36: =if($F36=$G36,if(and($F36=$G36,BG36<>BH36),'Thể lệ'!$E$6,if($F36=BG36,0,0.5*'Thể lệ'!$E$6)),if(and($F36=BG36,$G36=BH36),"0",if(($F36-$G36)*(BG36-BH36)>0,0.5*'Thể lệ'!$E$6,'Thể lệ'!$E$6))) -> 0 | DN36: =if($F36=$G36,if(and($F36=$G36,BI36<>BJ36),'Thể lệ'!$E$6,if($F36=BI36,0,0.5*'Thể lệ'!$E$6)),if(and($F36=BI36,$G36=BJ36),"0",if(($F36-$G36)*(BI36-BJ36)>0,0.5*'Thể lệ'!$E$6,'Thể lệ'!$E$6))) -> 5000
B37: 31 | C37: 46193.312 | D37: 46193.312 | E37: Brazil | H37: Haiti | Q37: =AE37 | R37: =AF37 | S37: 4 | T37: 0 | AO37: 3 | AP37: 0 | AS37: 3 | AT37: 0 | BC37: 4 | BD37: 0 | BI37: =H.Son!H37 -> 3 | BJ37: =H.Son!I37 -> 0 | BN37: =if($F37=$G37,if(and($F37=$G37,I37<>J37),'Thể lệ'!$E$6,if($F37=I37,0,0.5*'Thể lệ'!$E$6)),if(and($F37=I37,$G37=J37),"0",if(($F37-$G37)*(I37-J37)>0,0.5*'Thể lệ'!$E$6,'Thể lệ'!$E$6))) -> 0 | BP37: =if($F37=$G37,if(and($F37=$G37,K37<>L37),'Thể lệ'!$E$6,if($F37=K37,0,0.5*'Thể lệ'!$E$6)),if(and($F37=K37,$G37=L37),"0",if(($F37-$G37)*(K37-L37)>0,0.5*'Thể lệ'!$E$6,'Thể lệ'!$E$6))) -> 0 | BR37: =if($F37=$G37,if(and($F37=$G37,M37<>N37),'Thể lệ'!$E$6,if($F37=M37,0,0.5*'Thể lệ'!$E$6)),if(and($F37=M37,$G37=N37),"0",if(($F37-$G37)*(M37-N37)>0,0.5*'Thể lệ'!$E$6,'Thể lệ'!$E$6))) -> 0 | BT37: =if($F37=$G37,if(and($F37=$G37,O37<>P37),'Thể lệ'!$E$6,if($F37=O37,0,0.5*'Thể lệ'!$E$6)),if(and($F37=O37,$G37=P37),"0",if(($F37-$G37)*(O37-P37)>0,0.5*'Thể lệ'!$E$6,'Thể lệ'!$E$6))) -> 0 | BV37: =if($F37=$G37,if(and($F37=$G37,Q37<>R37),'Thể lệ'!$E$6,if($F37=Q37,0,0.5*'Thể lệ'!$E$6)),if(and($F37=Q37,$G37=R37),"0",if(($F37-$G37)*(Q37-R37)>0,0.5*'Thể lệ'!$E$6,'Thể lệ'!$E$6))) -> 0 | BX37: =if($F37=$G37,if(and($F37=$G37,S37<>T37),'Thể lệ'!$E$6,if($F37=S37,0,0.5*'Thể lệ'!$E$6)),if(and($F37=S37,$G37=T37),"0",if(($F37-$G37)*(S37-T37)>0,0.5*'Thể lệ'!$E$6,'Thể lệ'!$E$6))) -> 10000 | BZ37: =if($F37=$G37,if(and($F37=$G37,U37<>V37),'Thể lệ'!$E$6,if($F37=U37,0,0.5*'Thể lệ'!$E$6)),if(and($F37=U37,$G37=V37),"0",if(($F37-$G37)*(U37-V37)>0,0.5*'Thể lệ'!$E$6,'Thể lệ'!$E$6))) -> 0 | CB37: =if($F37=$G37,if(and($F37=$G37,W37<>X37),'Thể lệ'!$E$6,if($F37=W37,0,0.5*'Thể lệ'!$E$6)),if(and($F37=W37,$G37=X37),"0",if(($F37-$G37)*(W37-X37)>0,0.5*'Thể lệ'!$E$6,'Thể lệ'!$E$6))) -> 0 | CD37: =if($F37=$G37,if(and($F37=$G37,Y37<>Z37),'Thể lệ'!$E$6,if($F37=Y37,0,0.5*'Thể lệ'!$E$6)),if(and($F37=Y37,$G37=Z37),"0",if(($F37-$G37)*(Y37-Z37)>0,0.5*'Thể lệ'!$E$6,'Thể lệ'!$E$6))) -> 0 | CF37: =if($F37=$G37,if(and($F37=$G37,AA37<>AB37),'Thể lệ'!$E$6,if($F37=AA37,0,0.5*'Thể lệ'!$E$6)),if(and($F37=AA37,$G37=AB37),"0",if(($F37-$G37)*(AA37-AB37)>0,0.5*'Thể lệ'!$E$6,'Thể lệ'!$E$6))) -> 0 | CH37: =if($F37=$G37,if(and($F37=$G37,AC37<>AD37),'Thể lệ'!$E$6,if($F37=AC37,0,0.5*'Thể lệ'!$E$6)),if(and($F37=AC37,$G37=AD37),"0",if(($F37-$G37)*(AC37-AD37)>0,0.5*'Thể lệ'!$E$6,'Thể lệ'!$E$6))) -> 0 | CJ37: =if($F37=$G37,if(and($F37=$G37,AE37<>AF37),'Thể lệ'!$E$6,if($F37=AE37,0,0.5*'Thể lệ'!$E$6)),if(and($F37=AE37,$G37=AF37),"0",if(($F37-$G37)*(AE37-AF37)>0,0.5*'Thể lệ'!$E$6,'Thể lệ'!$E$6))) -> 0 | CL37: =if($F37=$G37,if(and($F37=$G37,AG37<>AH37),'Thể lệ'!$E$6,if($F37=AG37,0,0.5*'Thể lệ'!$E$6)),if(and($F37=AG37,$G37=AH37),"0",if(($F37-$G37)*(AG37-AH37)>0,0.5*'Thể lệ'!$E$6,'Thể lệ'!$E$6))) -> 0 | CN37: =if($F37=$G37,if(and($F37=$G37,AI37<>AJ37),'Thể lệ'!$E$6,if($F37=AI37,0,0.5*'Thể lệ'!$E$6)),if(and($F37=AI37,$G37=AJ37),"0",if(($F37-$G37)*(AI37-AJ37)>0,0.5*'Thể lệ'!$E$6,'Thể lệ'!$E$6))) -> 0 | CP37: =if($F37=$G37,if(and($F37=$G37,AK37<>AL37),'Thể lệ'!$E$6,if($F37=AK37,0,0.5*'Thể lệ'!$E$6)),if(and($F37=AK37,$G37=AL37),"0",if(($F37-$G37)*(AK37-AL37)>0,0.5*'Thể lệ'!$E$6,'Thể lệ'!$E$6))) -> 0 | CR37: =if($F37=$G37,if(and($F37=$G37,AM37<>AN37),'Thể lệ'!$E$6,if($F37=AM37,0,0.5*'Thể lệ'!$E$6)),if(and($F37=AM37,$G37=AN37),"0",if(($F37-$G37)*(AM37-AN37)>0,0.5*'Thể lệ'!$E$6,'Thể lệ'!$E$6))) -> 0 | CT37: =if($F37=$G37,if(and($F37=$G37,AO37<>AP37),'Thể lệ'!$E$6,if($F37=AO37,0,0.5*'Thể lệ'!$E$6)),if(and($F37=AO37,$G37=AP37),"0",if(($F37-$G37)*(AO37-AP37)>0,0.5*'Thể lệ'!$E$6,'Thể lệ'!$E$6))) -> 10000 | CV37: =if($F37=$G37,if(and($F37=$G37,AQ37<>AR37),'Thể lệ'!$E$6,if($F37=AQ37,0,0.5*'Thể lệ'!$E$6)),if(and($F37=AQ37,$G37=AR37),"0",if(($F37-$G37)*(AQ37-AR37)>0,0.5*'Thể lệ'!$E$6,'Thể lệ'!$E$6))) -> 0 | CX37: =if($F37=$G37,if(and($F37=$G37,AS37<>AT37),'Thể lệ'!$E$6,if($F37=AS37,0,0.5*'Thể lệ'!$E$6)),if(and($F37=AS37,$G37=AT37),"0",if(($F37-$G37)*(AS37-AT37)>0,0.5*'Thể lệ'!$E$6,'Thể lệ'!$E$6))) -> 10000 | CZ37: =if($F37=$G37,if(and($F37=$G37,AU37<>AV37),'Thể lệ'!$E$6,if($F37=AU37,0,0.5*'Thể lệ'!$E$6)),if(and($F37=AU37,$G37=AV37),"0",if(($F37-$G37)*(AU37-AV37)>0,0.5*'Thể lệ'!$E$6,'Thể lệ'!$E$6))) -> 0 | DB37: =if($F37=$G37,if(and($F37=$G37,AW37<>AX37),'Thể lệ'!$E$6,if($F37=AW37,0,0.5*'Thể lệ'!$E$6)),if(and($F37=AW37,$G37=AX37),"0",if(($F37-$G37)*(AW37-AX37)>0,0.5*'Thể lệ'!$E$6,'Thể lệ'!$E$6))) -> 0 | DD37: =if($F37=$G37,if(and($F37=$G37,AY37<>AZ37),'Thể lệ'!$E$6,if($F37=AY37,0,0.5*'Thể lệ'!$E$6)),if(and($F37=AY37,$G37=AZ37),"0",if(($F37-$G37)*(AY37-AZ37)>0,0.5*'Thể lệ'!$E$6,'Thể lệ'!$E$6))) -> 0 | DF37: =if($F37=$G37,if(and($F37=$G37,BA37<>BB37),'Thể lệ'!$E$6,if($F37=BA37,0,0.5*'Thể lệ'!$E$6)),if(and($F37=BA37,$G37=BB37),"0",if(($F37-$G37)*(BA37-BB37)>0,0.5*'Thể lệ'!$E$6,'Thể lệ'!$E$6))) -> 0 | DH37: =if($F37=$G37,if(and($F37=$G37,BC37<>BD37),'Thể lệ'!$E$6,if($F37=BC37,0,0.5*'Thể lệ'!$E$6)),if(and($F37=BC37,$G37=BD37),"0",if(($F37-$G37)*(BC37-BD37)>0,0.5*'Thể lệ'!$E$6,'Thể lệ'!$E$6))) -> 10000 | DJ37: =if($F37=$G37,if(and($F37=$G37,BE37<>BF37),'Thể lệ'!$E$6,if($F37=BE37,0,0.5*'Thể lệ'!$E$6)),if(and($F37=BE37,$G37=BF37),"0",if(($F37-$G37)*(BE37-BF37)>0,0.5*'Thể lệ'!$E$6,'Thể lệ'!$E$6))) -> 0 | DL37: =if($F37=$G37,if(and($F37=$G37,BG37<>BH37),'Thể lệ'!$E$6,if($F37=BG37,0,0.5*'Thể lệ'!$E$6)),if(and($F37=BG37,$G37=BH37),"0",if(($F37-$G37)*(BG37-BH37)>0,0.5*'Thể lệ'!$E$6,'Thể lệ'!$E$6))) -> 0 | DN37: =if($F37=$G37,if(and($F37=$G37,BI37<>BJ37),'Thể lệ'!$E$6,if($F37=BI37,0,0.5*'Thể lệ'!$E$6)),if(and($F37=BI37,$G37=BJ37),"0",if(($F37-$G37)*(BI37-BJ37)>0,0.5*'Thể lệ'!$E$6,'Thể lệ'!$E$6))) -> 10000
B38: 32 | C38: 46193.417 | D38: 46193.417 | E38: Turkey | H38: Paraguay | Q38: =AE38 | R38: =AF38 | S38: 2 | T38: 1 | AO38: 1 | AP38: 2 | AS38: 1 | AT38: 1 | BC38: 1 | BD38: 1 | BI38: =H.Son!H38 -> 2 | BJ38: =H.Son!I38 -> 1 | BN38: =if($F38=$G38,if(and($F38=$G38,I38<>J38),'Thể lệ'!$E$6,if($F38=I38,0,0.5*'Thể lệ'!$E$6)),if(and($F38=I38,$G38=J38),"0",if(($F38-$G38)*(I38-J38)>0,0.5*'Thể lệ'!$E$6,'Thể lệ'!$E$6))) -> 0 | BP38: =if($F38=$G38,if(and($F38=$G38,K38<>L38),'Thể lệ'!$E$6,if($F38=K38,0,0.5*'Thể lệ'!$E$6)),if(and($F38=K38,$G38=L38),"0",if(($F38-$G38)*(K38-L38)>0,0.5*'Thể lệ'!$E$6,'Thể lệ'!$E$6))) -> 0 | BR38: =if($F38=$G38,if(and($F38=$G38,M38<>N38),'Thể lệ'!$E$6,if($F38=M38,0,0.5*'Thể lệ'!$E$6)),if(and($F38=M38,$G38=N38),"0",if(($F38-$G38)*(M38-N38)>0,0.5*'Thể lệ'!$E$6,'Thể lệ'!$E$6))) -> 0 | BT38: =if($F38=$G38,if(and($F38=$G38,O38<>P38),'Thể lệ'!$E$6,if($F38=O38,0,0.5*'Thể lệ'!$E$6)),if(and($F38=O38,$G38=P38),"0",if(($F38-$G38)*(O38-P38)>0,0.5*'Thể lệ'!$E$6,'Thể lệ'!$E$6))) -> 0 | BV38: =if($F38=$G38,if(and($F38=$G38,Q38<>R38),'Thể lệ'!$E$6,if($F38=Q38,0,0.5*'Thể lệ'!$E$6)),if(and($F38=Q38,$G38=R38),"0",if(($F38-$G38)*(Q38-R38)>0,0.5*'Thể lệ'!$E$6,'Thể lệ'!$E$6))) -> 0 | BX38: =if($F38=$G38,if(and($F38=$G38,S38<>T38),'Thể lệ'!$E$6,if($F38=S38,0,0.5*'Thể lệ'!$E$6)),if(and($F38=S38,$G38=T38),"0",if(($F38-$G38)*(S38-T38)>0,0.5*'Thể lệ'!$E$6,'Thể lệ'!$E$6))) -> 10000 | BZ38: =if($F38=$G38,if(and($F38=$G38,U38<>V38),'Thể lệ'!$E$6,if($F38=U38,0,0.5*'Thể lệ'!$E$6)),if(and($F38=U38,$G38=V38),"0",if(($F38-$G38)*(U38-V38)>0,0.5*'Thể lệ'!$E$6,'Thể lệ'!$E$6))) -> 0 | CB38: =if($F38=$G38,if(and($F38=$G38,W38<>X38),'Thể lệ'!$E$6,if($F38=W38,0,0.5*'Thể lệ'!$E$6)),if(and($F38=W38,$G38=X38),"0",if(($F38-$G38)*(W38-X38)>0,0.5*'Thể lệ'!$E$6,'Thể lệ'!$E$6))) -> 0 | CD38: =if($F38=$G38,if(and($F38=$G38,Y38<>Z38),'Thể lệ'!$E$6,if($F38=Y38,0,0.5*'Thể lệ'!$E$6)),if(and($F38=Y38,$G38=Z38),"0",if(($F38-$G38)*(Y38-Z38)>0,0.5*'Thể lệ'!$E$6,'Thể lệ'!$E$6))) -> 0 | CF38: =if($F38=$G38,if(and($F38=$G38,AA38<>AB38),'Thể lệ'!$E$6,if($F38=AA38,0,0.5*'Thể lệ'!$E$6)),if(and($F38=AA38,$G38=AB38),"0",if(($F38-$G38)*(AA38-AB38)>0,0.5*'Thể lệ'!$E$6,'Thể lệ'!$E$6))) -> 0 | CH38: =if($F38=$G38,if(and($F38=$G38,AC38<>AD38),'Thể lệ'!$E$6,if($F38=AC38,0,0.5*'Thể lệ'!$E$6)),if(and($F38=AC38,$G38=AD38),"0",if(($F38-$G38)*(AC38-AD38)>0,0.5*'Thể lệ'!$E$6,'Thể lệ'!$E$6))) -> 0 | CJ38: =if($F38=$G38,if(and($F38=$G38,AE38<>AF38),'Thể lệ'!$E$6,if($F38=AE38,0,0.5*'Thể lệ'!$E$6)),if(and($F38=AE38,$G38=AF38),"0",if(($F38-$G38)*(AE38-AF38)>0,0.5*'Thể lệ'!$E$6,'Thể lệ'!$E$6))) -> 0 | CL38: =if($F38=$G38,if(and($F38=$G38,AG38<>AH38),'Thể lệ'!$E$6,if($F38=AG38,0,0.5*'Thể lệ'!$E$6)),if(and($F38=AG38,$G38=AH38),"0",if(($F38-$G38)*(AG38-AH38)>0,0.5*'Thể lệ'!$E$6,'Thể lệ'!$E$6))) -> 0 | CN38: =if($F38=$G38,if(and($F38=$G38,AI38<>AJ38),'Thể lệ'!$E$6,if($F38=AI38,0,0.5*'Thể lệ'!$E$6)),if(and($F38=AI38,$G38=AJ38),"0",if(($F38-$G38)*(AI38-AJ38)>0,0.5*'Thể lệ'!$E$6,'Thể lệ'!$E$6))) -> 0 | CP38: =if($F38=$G38,if(and($F38=$G38,AK38<>AL38),'Thể lệ'!$E$6,if($F38=AK38,0,0.5*'Thể lệ'!$E$6)),if(and($F38=AK38,$G38=AL38),"0",if(($F38-$G38)*(AK38-AL38)>0,0.5*'Thể lệ'!$E$6,'Thể lệ'!$E$6))) -> 0 | CR38: =if($F38=$G38,if(and($F38=$G38,AM38<>AN38),'Thể lệ'!$E$6,if($F38=AM38,0,0.5*'Thể lệ'!$E$6)),if(and($F38=AM38,$G38=AN38),"0",if(($F38-$G38)*(AM38-AN38)>0,0.5*'Thể lệ'!$E$6,'Thể lệ'!$E$6))) -> 0 | CT38: =if($F38=$G38,if(and($F38=$G38,AO38<>AP38),'Thể lệ'!$E$6,if($F38=AO38,0,0.5*'Thể lệ'!$E$6)),if(and($F38=AO38,$G38=AP38),"0",if(($F38-$G38)*(AO38-AP38)>0,0.5*'Thể lệ'!$E$6,'Thể lệ'!$E$6))) -> 10000 | CV38: =if($F38=$G38,if(and($F38=$G38,AQ38<>AR38),'Thể lệ'!$E$6,if($F38=AQ38,0,0.5*'Thể lệ'!$E$6)),if(and($F38=AQ38,$G38=AR38),"0",if(($F38-$G38)*(AQ38-AR38)>0,0.5*'Thể lệ'!$E$6,'Thể lệ'!$E$6))) -> 0 | CX38: =if($F38=$G38,if(and($F38=$G38,AS38<>AT38),'Thể lệ'!$E$6,if($F38=AS38,0,0.5*'Thể lệ'!$E$6)),if(and($F38=AS38,$G38=AT38),"0",if(($F38-$G38)*(AS38-AT38)>0,0.5*'Thể lệ'!$E$6,'Thể lệ'!$E$6))) -> 5000 | CZ38: =if($F38=$G38,if(and($F38=$G38,AU38<>AV38),'Thể lệ'!$E$6,if($F38=AU38,0,0.5*'Thể lệ'!$E$6)),if(and($F38=AU38,$G38=AV38),"0",if(($F38-$G38)*(AU38-AV38)>0,0.5*'Thể lệ'!$E$6,'Thể lệ'!$E$6))) -> 0 | DB38: =if($F38=$G38,if(and($F38=$G38,AW38<>AX38),'Thể lệ'!$E$6,if($F38=AW38,0,0.5*'Thể lệ'!$E$6)),if(and($F38=AW38,$G38=AX38),"0",if(($F38-$G38)*(AW38-AX38)>0,0.5*'Thể lệ'!$E$6,'Thể lệ'!$E$6))) -> 0 | DD38: =if($F38=$G38,if(and($F38=$G38,AY38<>AZ38),'Thể lệ'!$E$6,if($F38=AY38,0,0.5*'Thể lệ'!$E$6)),if(and($F38=AY38,$G38=AZ38),"0",if(($F38-$G38)*(AY38-AZ38)>0,0.5*'Thể lệ'!$E$6,'Thể lệ'!$E$6))) -> 0 | DF38: =if($F38=$G38,if(and($F38=$G38,BA38<>BB38),'Thể lệ'!$E$6,if($F38=BA38,0,0.5*'Thể lệ'!$E$6)),if(and($F38=BA38,$G38=BB38),"0",if(($F38-$G38)*(BA38-BB38)>0,0.5*'Thể lệ'!$E$6,'Thể lệ'!$E$6))) -> 0 | DH38: =if($F38=$G38,if(and($F38=$G38,BC38<>BD38),'Thể lệ'!$E$6,if($F38=BC38,0,0.5*'Thể lệ'!$E$6)),if(and($F38=BC38,$G38=BD38),"0",if(($F38-$G38)*(BC38-BD38)>0,0.5*'Thể lệ'!$E$6,'Thể lệ'!$E$6))) -> 5000 | DJ38: =if($F38=$G38,if(and($F38=$G38,BE38<>BF38),'Thể lệ'!$E$6,if($F38=BE38,0,0.5*'Thể lệ'!$E$6)),if(and($F38=BE38,$G38=BF38),"0",if(($F38-$G38)*(BE38-BF38)>0,0.5*'Thể lệ'!$E$6,'Thể lệ'!$E$6))) -> 0 | DL38: =if($F38=$G38,if(and($F38=$G38,BG38<>BH38),'Thể lệ'!$E$6,if($F38=BG38,0,0.5*'Thể lệ'!$E$6)),if(and($F38=BG38,$G38=BH38),"0",if(($F38-$G38)*(BG38-BH38)>0,0.5*'Thể lệ'!$E$6,'Thể lệ'!$E$6))) -> 0 | DN38: =if($F38=$G38,if(and($F38=$G38,BI38<>BJ38),'Thể lệ'!$E$6,if($F38=BI38,0,0.5*'Thể lệ'!$E$6)),if(and($F38=BI38,$G38=BJ38),"0",if(($F38-$G38)*(BI38-BJ38)>0,0.5*'Thể lệ'!$E$6,'Thể lệ'!$E$6))) -> 10000
B39: 33 | C39: 46194 | D39: 46194 | E39: Netherlands | H39: Sweden | Q39: =AE39 | R39: =AF39 | S39: 2 | T39: 1 | AO39: 2 | AP39: 0 | AS39: 2 | AT39: 0 | BC39: 2 | BD39: 0 | BI39: =H.Son!H39 -> 1 | BJ39: =H.Son!I39 -> 0 | BN39: =if($F39=$G39,if(and($F39=$G39,I39<>J39),'Thể lệ'!$E$6,if($F39=I39,0,0.5*'Thể lệ'!$E$6)),if(and($F39=I39,$G39=J39),"0",if(($F39-$G39)*(I39-J39)>0,0.5*'Thể lệ'!$E$6,'Thể lệ'!$E$6))) -> 0 | BP39: =if($F39=$G39,if(and($F39=$G39,K39<>L39),'Thể lệ'!$E$6,if($F39=K39,0,0.5*'Thể lệ'!$E$6)),if(and($F39=K39,$G39=L39),"0",if(($F39-$G39)*(K39-L39)>0,0.5*'Thể lệ'!$E$6,'Thể lệ'!$E$6))) -> 0 | BR39: =if($F39=$G39,if(and($F39=$G39,M39<>N39),'Thể lệ'!$E$6,if($F39=M39,0,0.5*'Thể lệ'!$E$6)),if(and($F39=M39,$G39=N39),"0",if(($F39-$G39)*(M39-N39)>0,0.5*'Thể lệ'!$E$6,'Thể lệ'!$E$6))) -> 0 | BT39: =if($F39=$G39,if(and($F39=$G39,O39<>P39),'Thể lệ'!$E$6,if($F39=O39,0,0.5*'Thể lệ'!$E$6)),if(and($F39=O39,$G39=P39),"0",if(($F39-$G39)*(O39-P39)>0,0.5*'Thể lệ'!$E$6,'Thể lệ'!$E$6))) -> 0 | BV39: =if($F39=$G39,if(and($F39=$G39,Q39<>R39),'Thể lệ'!$E$6,if($F39=Q39,0,0.5*'Thể lệ'!$E$6)),if(and($F39=Q39,$G39=R39),"0",if(($F39-$G39)*(Q39-R39)>0,0.5*'Thể lệ'!$E$6,'Thể lệ'!$E$6))) -> 0 | BX39: =if($F39=$G39,if(and($F39=$G39,S39<>T39),'Thể lệ'!$E$6,if($F39=S39,0,0.5*'Thể lệ'!$E$6)),if(and($F39=S39,$G39=T39),"0",if(($F39-$G39)*(S39-T39)>0,0.5*'Thể lệ'!$E$6,'Thể lệ'!$E$6))) -> 10000 | BZ39: =if($F39=$G39,if(and($F39=$G39,U39<>V39),'Thể lệ'!$E$6,if($F39=U39,0,0.5*'Thể lệ'!$E$6)),if(and($F39=U39,$G39=V39),"0",if(($F39-$G39)*(U39-V39)>0,0.5*'Thể lệ'!$E$6,'Thể lệ'!$E$6))) -> 0 | CB39: =if($F39=$G39,if(and($F39=$G39,W39<>X39),'Thể lệ'!$E$6,if($F39=W39,0,0.5*'Thể lệ'!$E$6)),if(and($F39=W39,$G39=X39),"0",if(($F39-$G39)*(W39-X39)>0,0.5*'Thể lệ'!$E$6,'Thể lệ'!$E$6))) -> 0 | CD39: =if($F39=$G39,if(and($F39=$G39,Y39<>Z39),'Thể lệ'!$E$6,if($F39=Y39,0,0.5*'Thể lệ'!$E$6)),if(and($F39=Y39,$G39=Z39),"0",if(($F39-$G39)*(Y39-Z39)>0,0.5*'Thể lệ'!$E$6,'Thể lệ'!$E$6))) -> 0 | CF39: =if($F39=$G39,if(and($F39=$G39,AA39<>AB39),'Thể lệ'!$E$6,if($F39=AA39,0,0.5*'Thể lệ'!$E$6)),if(and($F39=AA39,$G39=AB39),"0",if(($F39-$G39)*(AA39-AB39)>0,0.5*'Thể lệ'!$E$6,'Thể lệ'!$E$6))) -> 0 | CH39: =if($F39=$G39,if(and($F39=$G39,AC39<>AD39),'Thể lệ'!$E$6,if($F39=AC39,0,0.5*'Thể lệ'!$E$6)),if(and($F39=AC39,$G39=AD39),"0",if(($F39-$G39)*(AC39-AD39)>0,0.5*'Thể lệ'!$E$6,'Thể lệ'!$E$6))) -> 0 | CJ39: =if($F39=$G39,if(and($F39=$G39,AE39<>AF39),'Thể lệ'!$E$6,if($F39=AE39,0,0.5*'Thể lệ'!$E$6)),if(and($F39=AE39,$G39=AF39),"0",if(($F39-$G39)*(AE39-AF39)>0,0.5*'Thể lệ'!$E$6,'Thể lệ'!$E$6))) -> 0 | CL39: =if($F39=$G39,if(and($F39=$G39,AG39<>AH39),'Thể lệ'!$E$6,if($F39=AG39,0,0.5*'Thể lệ'!$E$6)),if(and($F39=AG39,$G39=AH39),"0",if(($F39-$G39)*(AG39-AH39)>0,0.5*'Thể lệ'!$E$6,'Thể lệ'!$E$6))) -> 0 | CN39: =if($F39=$G39,if(and($F39=$G39,AI39<>AJ39),'Thể lệ'!$E$6,if($F39=AI39,0,0.5*'Thể lệ'!$E$6)),if(and($F39=AI39,$G39=AJ39),"0",if(($F39-$G39)*(AI39-AJ39)>0,0.5*'Thể lệ'!$E$6,'Thể lệ'!$E$6))) -> 0 | CP39: =if($F39=$G39,if(and($F39=$G39,AK39<>AL39),'Thể lệ'!$E$6,if($F39=AK39,0,0.5*'Thể lệ'!$E$6)),if(and($F39=AK39,$G39=AL39),"0",if(($F39-$G39)*(AK39-AL39)>0,0.5*'Thể lệ'!$E$6,'Thể lệ'!$E$6))) -> 0 | CR39: =if($F39=$G39,if(and($F39=$G39,AM39<>AN39),'Thể lệ'!$E$6,if($F39=AM39,0,0.5*'Thể lệ'!$E$6)),if(and($F39=AM39,$G39=AN39),"0",if(($F39-$G39)*(AM39-AN39)>0,0.5*'Thể lệ'!$E$6,'Thể lệ'!$E$6))) -> 0 | CT39: =if($F39=$G39,if(and($F39=$G39,AO39<>AP39),'Thể lệ'!$E$6,if($F39=AO39,0,0.5*'Thể lệ'!$E$6)),if(and($F39=AO39,$G39=AP39),"0",if(($F39-$G39)*(AO39-AP39)>0,0.5*'Thể lệ'!$E$6,'Thể lệ'!$E$6))) -> 10000 | CV39: =if($F39=$G39,if(and($F39=$G39,AQ39<>AR39),'Thể lệ'!$E$6,if($F39=AQ39,0,0.5*'Thể lệ'!$E$6)),if(and($F39=AQ39,$G39=AR39),"0",if(($F39-$G39)*(AQ39-AR39)>0,0.5*'Thể lệ'!$E$6,'Thể lệ'!$E$6))) -> 0 | CX39: =if($F39=$G39,if(and($F39=$G39,AS39<>AT39),'Thể lệ'!$E$6,if($F39=AS39,0,0.5*'Thể lệ'!$E$6)),if(and($F39=AS39,$G39=AT39),"0",if(($F39-$G39)*(AS39-AT39)>0,0.5*'Thể lệ'!$E$6,'Thể lệ'!$E$6))) -> 10000 | CZ39: =if($F39=$G39,if(and($F39=$G39,AU39<>AV39),'Thể lệ'!$E$6,if($F39=AU39,0,0.5*'Thể lệ'!$E$6)),if(and($F39=AU39,$G39=AV39),"0",if(($F39-$G39)*(AU39-AV39)>0,0.5*'Thể lệ'!$E$6,'Thể lệ'!$E$6))) -> 0 | DB39: =if($F39=$G39,if(and($F39=$G39,AW39<>AX39),'Thể lệ'!$E$6,if($F39=AW39,0,0.5*'Thể lệ'!$E$6)),if(and($F39=AW39,$G39=AX39),"0",if(($F39-$G39)*(AW39-AX39)>0,0.5*'Thể lệ'!$E$6,'Thể lệ'!$E$6))) -> 0 | DD39: =if($F39=$G39,if(and($F39=$G39,AY39<>AZ39),'Thể lệ'!$E$6,if($F39=AY39,0,0.5*'Thể lệ'!$E$6)),if(and($F39=AY39,$G39=AZ39),"0",if(($F39-$G39)*(AY39-AZ39)>0,0.5*'Thể lệ'!$E$6,'Thể lệ'!$E$6))) -> 0 | DF39: =if($F39=$G39,if(and($F39=$G39,BA39<>BB39),'Thể lệ'!$E$6,if($F39=BA39,0,0.5*'Thể lệ'!$E$6)),if(and($F39=BA39,$G39=BB39),"0",if(($F39-$G39)*(BA39-BB39)>0,0.5*'Thể lệ'!$E$6,'Thể lệ'!$E$6))) -> 0 | DH39: =if($F39=$G39,if(and($F39=$G39,BC39<>BD39),'Thể lệ'!$E$6,if($F39=BC39,0,0.5*'Thể lệ'!$E$6)),if(and($F39=BC39,$G39=BD39),"0",if(($F39-$G39)*(BC39-BD39)>0,0.5*'Thể lệ'!$E$6,'Thể lệ'!$E$6))) -> 10000 | DJ39: =if($F39=$G39,if(and($F39=$G39,BE39<>BF39),'Thể lệ'!$E$6,if($F39=BE39,0,0.5*'Thể lệ'!$E$6)),if(and($F39=BE39,$G39=BF39),"0",if(($F39-$G39)*(BE39-BF39)>0,0.5*'Thể lệ'!$E$6,'Thể lệ'!$E$6))) -> 0 | DL39: =if($F39=$G39,if(and($F39=$G39,BG39<>BH39),'Thể lệ'!$E$6,if($F39=BG39,0,0.5*'Thể lệ'!$E$6)),if(and($F39=BG39,$G39=BH39),"0",if(($F39-$G39)*(BG39-BH39)>0,0.5*'Thể lệ'!$E$6,'Thể lệ'!$E$6))) -> 0 | DN39: =if($F39=$G39,if(and($F39=$G39,BI39<>BJ39),'Thể lệ'!$E$6,if($F39=BI39,0,0.5*'Thể lệ'!$E$6)),if(and($F39=BI39,$G39=BJ39),"0",if(($F39-$G39)*(BI39-BJ39)>0,0.5*'Thể lệ'!$E$6,'Thể lệ'!$E$6))) -> 10000
B40: 34 | C40: 46194.125 | D40: 46194.125 | E40: Germany | H40: Ivory Coast | Q40: =AE40 | R40: =AF40 | AO40: 1 | AP40: 1 | AS40: 3 | AT40: 0 | BC40: 3 | BD40: 1 | BI40: =H.Son!H40 -> 2 | BJ40: =H.Son!I40 -> 0 | BN40: =if($F40=$G40,if(and($F40=$G40,I40<>J40),'Thể lệ'!$E$6,if($F40=I40,0,0.5*'Thể lệ'!$E$6)),if(and($F40=I40,$G40=J40),"0",if(($F40-$G40)*(I40-J40)>0,0.5*'Thể lệ'!$E$6,'Thể lệ'!$E$6))) -> 0 | BP40: =if($F40=$G40,if(and($F40=$G40,K40<>L40),'Thể lệ'!$E$6,if($F40=K40,0,0.5*'Thể lệ'!$E$6)),if(and($F40=K40,$G40=L40),"0",if(($F40-$G40)*(K40-L40)>0,0.5*'Thể lệ'!$E$6,'Thể lệ'!$E$6))) -> 0 | BR40: =if($F40=$G40,if(and($F40=$G40,M40<>N40),'Thể lệ'!$E$6,if($F40=M40,0,0.5*'Thể lệ'!$E$6)),if(and($F40=M40,$G40=N40),"0",if(($F40-$G40)*(M40-N40)>0,0.5*'Thể lệ'!$E$6,'Thể lệ'!$E$6))) -> 0 | BT40: =if($F40=$G40,if(and($F40=$G40,O40<>P40),'Thể lệ'!$E$6,if($F40=O40,0,0.5*'Thể lệ'!$E$6)),if(and($F40=O40,$G40=P40),"0",if(($F40-$G40)*(O40-P40)>0,0.5*'Thể lệ'!$E$6,'Thể lệ'!$E$6))) -> 0 | BV40: =if($F40=$G40,if(and($F40=$G40,Q40<>R40),'Thể lệ'!$E$6,if($F40=Q40,0,0.5*'Thể lệ'!$E$6)),if(and($F40=Q40,$G40=R40),"0",if(($F40-$G40)*(Q40-R40)>0,0.5*'Thể lệ'!$E$6,'Thể lệ'!$E$6))) -> 0 | BX40: =if($F40=$G40,if(and($F40=$G40,S40<>T40),'Thể lệ'!$E$6,if($F40=S40,0,0.5*'Thể lệ'!$E$6)),if(and($F40=S40,$G40=T40),"0",if(($F40-$G40)*(S40-T40)>0,0.5*'Thể lệ'!$E$6,'Thể lệ'!$E$6))) -> 0 | BZ40: =if($F40=$G40,if(and($F40=$G40,U40<>V40),'Thể lệ'!$E$6,if($F40=U40,0,0.5*'Thể lệ'!$E$6)),if(and($F40=U40,$G40=V40),"0",if(($F40-$G40)*(U40-V40)>0,0.5*'Thể lệ'!$E$6,'Thể lệ'!$E$6))) -> 0 | CB40: =if($F40=$G40,if(and($F40=$G40,W40<>X40),'Thể lệ'!$E$6,if($F40=W40,0,0.5*'Thể lệ'!$E$6)),if(and($F40=W40,$G40=X40),"0",if(($F40-$G40)*(W40-X40)>0,0.5*'Thể lệ'!$E$6,'Thể lệ'!$E$6))) -> 0 | CD40: =if($F40=$G40,if(and($F40=$G40,Y40<>Z40),'Thể lệ'!$E$6,if($F40=Y40,0,0.5*'Thể lệ'!$E$6)),if(and($F40=Y40,$G40=Z40),"0",if(($F40-$G40)*(Y40-Z40)>0,0.5*'Thể lệ'!$E$6,'Thể lệ'!$E$6))) -> 0 | CF40: =if($F40=$G40,if(and($F40=$G40,AA40<>AB40),'Thể lệ'!$E$6,if($F40=AA40,0,0.5*'Thể lệ'!$E$6)),if(and($F40=AA40,$G40=AB40),"0",if(($F40-$G40)*(AA40-AB40)>0,0.5*'Thể lệ'!$E$6,'Thể lệ'!$E$6))) -> 0 | CH40: =if($F40=$G40,if(and($F40=$G40,AC40<>AD40),'Thể lệ'!$E$6,if($F40=AC40,0,0.5*'Thể lệ'!$E$6)),if(and($F40=AC40,$G40=AD40),"0",if(($F40-$G40)*(AC40-AD40)>0,0.5*'Thể lệ'!$E$6,'Thể lệ'!$E$6))) -> 0 | CJ40: =if($F40=$G40,if(and($F40=$G40,AE40<>AF40),'Thể lệ'!$E$6,if($F40=AE40,0,0.5*'Thể lệ'!$E$6)),if(and($F40=AE40,$G40=AF40),"0",if(($F40-$G40)*(AE40-AF40)>0,0.5*'Thể lệ'!$E$6,'Thể lệ'!$E$6))) -> 0 | CL40: =if($F40=$G40,if(and($F40=$G40,AG40<>AH40),'Thể lệ'!$E$6,if($F40=AG40,0,0.5*'Thể lệ'!$E$6)),if(and($F40=AG40,$G40=AH40),"0",if(($F40-$G40)*(AG40-AH40)>0,0.5*'Thể lệ'!$E$6,'Thể lệ'!$E$6))) -> 0 | CN40: =if($F40=$G40,if(and($F40=$G40,AI40<>AJ40),'Thể lệ'!$E$6,if($F40=AI40,0,0.5*'Thể lệ'!$E$6)),if(and($F40=AI40,$G40=AJ40),"0",if(($F40-$G40)*(AI40-AJ40)>0,0.5*'Thể lệ'!$E$6,'Thể lệ'!$E$6))) -> 0 | CP40: =if($F40=$G40,if(and($F40=$G40,AK40<>AL40),'Thể lệ'!$E$6,if($F40=AK40,0,0.5*'Thể lệ'!$E$6)),if(and($F40=AK40,$G40=AL40),"0",if(($F40-$G40)*(AK40-AL40)>0,0.5*'Thể lệ'!$E$6,'Thể lệ'!$E$6))) -> 0 | CR40: =if($F40=$G40,if(and($F40=$G40,AM40<>AN40),'Thể lệ'!$E$6,if($F40=AM40,0,0.5*'Thể lệ'!$E$6)),if(and($F40=AM40,$G40=AN40),"0",if(($F40-$G40)*(AM40-AN40)>0,0.5*'Thể lệ'!$E$6,'Thể lệ'!$E$6))) -> 0 | CT40: =if($F40=$G40,if(and($F40=$G40,AO40<>AP40),'Thể lệ'!$E$6,if($F40=AO40,0,0.5*'Thể lệ'!$E$6)),if(and($F40=AO40,$G40=AP40),"0",if(($F40-$G40)*(AO40-AP40)>0,0.5*'Thể lệ'!$E$6,'Thể lệ'!$E$6))) -> 5000 | CV40: =if($F40=$G40,if(and($F40=$G40,AQ40<>AR40),'Thể lệ'!$E$6,if($F40=AQ40,0,0.5*'Thể lệ'!$E$6)),if(and($F40=AQ40,$G40=AR40),"0",if(($F40-$G40)*(AQ40-AR40)>0,0.5*'Thể lệ'!$E$6,'Thể lệ'!$E$6))) -> 0 | CX40: =if($F40=$G40,if(and($F40=$G40,AS40<>AT40),'Thể lệ'!$E$6,if($F40=AS40,0,0.5*'Thể lệ'!$E$6)),if(and($F40=AS40,$G40=AT40),"0",if(($F40-$G40)*(AS40-AT40)>0,0.5*'Thể lệ'!$E$6,'Thể lệ'!$E$6))) -> 10000 | CZ40: =if($F40=$G40,if(and($F40=$G40,AU40<>AV40),'Thể lệ'!$E$6,if($F40=AU40,0,0.5*'Thể lệ'!$E$6)),if(and($F40=AU40,$G40=AV40),"0",if(($F40-$G40)*(AU40-AV40)>0,0.5*'Thể lệ'!$E$6,'Thể lệ'!$E$6))) -> 0 | DB40: =if($F40=$G40,if(and($F40=$G40,AW40<>AX40),'Thể lệ'!$E$6,if($F40=AW40,0,0.5*'Thể lệ'!$E$6)),if(and($F40=AW40,$G40=AX40),"0",if(($F40-$G40)*(AW40-AX40)>0,0.5*'Thể lệ'!$E$6,'Thể lệ'!$E$6))) -> 0 | DD40: =if($F40=$G40,if(and($F40=$G40,AY40<>AZ40),'Thể lệ'!$E$6,if($F40=AY40,0,0.5*'Thể lệ'!$E$6)),if(and($F40=AY40,$G40=AZ40),"0",if(($F40-$G40)*(AY40-AZ40)>0,0.5*'Thể lệ'!$E$6,'Thể lệ'!$E$6))) -> 0 | DF40: =if($F40=$G40,if(and($F40=$G40,BA40<>BB40),'Thể lệ'!$E$6,if($F40=BA40,0,0.5*'Thể lệ'!$E$6)),if(and($F40=BA40,$G40=BB40),"0",if(($F40-$G40)*(BA40-BB40)>0,0.5*'Thể lệ'!$E$6,'Thể lệ'!$E$6))) -> 0 | DH40: =if($F40=$G40,if(and($F40=$G40,BC40<>BD40),'Thể lệ'!$E$6,if($F40=BC40,0,0.5*'Thể lệ'!$E$6)),if(and($F40=BC40,$G40=BD40),"0",if(($F40-$G40)*(BC40-BD40)>0,0.5*'Thể lệ'!$E$6,'Thể lệ'!$E$6))) -> 10000 | DJ40: =if($F40=$G40,if(and($F40=$G40,BE40<>BF40),'Thể lệ'!$E$6,if($F40=BE40,0,0.5*'Thể lệ'!$E$6)),if(and($F40=BE40,$G40=BF40),"0",if(($F40-$G40)*(BE40-BF40)>0,0.5*'Thể lệ'!$E$6,'Thể lệ'!$E$6))) -> 0 | DL40: =if($F40=$G40,if(and($F40=$G40,BG40<>BH40),'Thể lệ'!$E$6,if($F40=BG40,0,0.5*'Thể lệ'!$E$6)),if(and($F40=BG40,$G40=BH40),"0",if(($F40-$G40)*(BG40-BH40)>0,0.5*'Thể lệ'!$E$6,'Thể lệ'!$E$6))) -> 0 | DN40: =if($F40=$G40,if(and($F40=$G40,BI40<>BJ40),'Thể lệ'!$E$6,if($F40=BI40,0,0.5*'Thể lệ'!$E$6)),if(and($F40=BI40,$G40=BJ40),"0",if(($F40-$G40)*(BI40-BJ40)>0,0.5*'Thể lệ'!$E$6,'Thể lệ'!$E$6))) -> 10000
